GID	GO
BdiBd21-3.1G0022800	GO:0016597
BdiBd21-3.1G0022800	GO:0008152
BdiBd21-3.1G0024400	GO:0003676
BdiBd21-3.1G0026500	GO:0019843
BdiBd21-3.1G0026500	GO:0006412
BdiBd21-3.1G0026500	GO:0005840
BdiBd21-3.1G0026500	GO:0003735
BdiBd21-3.1G0028200	GO:0055114
BdiBd21-3.1G0028200	GO:0016491
BdiBd21-3.1G0029300	GO:0030247
BdiBd21-3.1G0029300	GO:0006468
BdiBd21-3.1G0029300	GO:0005524
BdiBd21-3.1G0029300	GO:0004672
BdiBd21-3.1G0031700	GO:0006355
BdiBd21-3.1G0031700	GO:0005739
BdiBd21-3.1G0031700	GO:0003690
BdiBd21-3.1G0031900	GO:0016020
BdiBd21-3.1G0031900	GO:0015696
BdiBd21-3.1G0031900	GO:0008519
BdiBd21-3.1G0031900	GO:0072488
BdiBd21-3.1G0034000	GO:0016020
BdiBd21-3.1G0034000	GO:0015979
BdiBd21-3.1G0034000	GO:0009654
BdiBd21-3.1G0034000	GO:0009523
BdiBd21-3.1G0035500	GO:0005525
BdiBd21-3.1G0042100	GO:0005975
BdiBd21-3.1G0042100	GO:0004553
BdiBd21-3.1G0042200	GO:0006412
BdiBd21-3.1G0042200	GO:0005840
BdiBd21-3.1G0042200	GO:0005622
BdiBd21-3.1G0042200	GO:0003735
BdiBd21-3.1G0045800	GO:0055085
BdiBd21-3.1G0045800	GO:0016021
BdiBd21-3.1G0045800	GO:0016020
BdiBd21-3.1G0045800	GO:0006810
BdiBd21-3.1G0045800	GO:0005215
BdiBd21-3.1G0049300	GO:0005622
BdiBd21-3.1G0049300	GO:0003779
BdiBd21-3.1G0049300	GO:0030042
BdiBd21-3.1G0049300	GO:0015629
BdiBd21-3.1G0050100	GO:0016872
BdiBd21-3.1G0051000	GO:0050662
BdiBd21-3.1G0051000	GO:0003824
BdiBd21-3.1G0054300	GO:0006412
BdiBd21-3.1G0054300	GO:0005840
BdiBd21-3.1G0054300	GO:0005622
BdiBd21-3.1G0054300	GO:0003735
BdiBd21-3.1G0054500	GO:0055114
BdiBd21-3.1G0054500	GO:0006555
BdiBd21-3.1G0054500	GO:0004489
BdiBd21-3.1G0055300	GO:0006265
BdiBd21-3.1G0055300	GO:0005694
BdiBd21-3.1G0055300	GO:0005524
BdiBd21-3.1G0055300	GO:0003916
BdiBd21-3.1G0055300	GO:0003677
BdiBd21-3.1G0055300	GO:0003918
BdiBd21-3.1G0057100	GO:0016851
BdiBd21-3.1G0057100	GO:0015995
BdiBd21-3.1G0057100	GO:0015979
BdiBd21-3.1G0065300	GO:0016020
BdiBd21-3.1G0065300	GO:0008378
BdiBd21-3.1G0065300	GO:0006486
BdiBd21-3.1G0065300	GO:0030246
BdiBd21-3.1G0068900	GO:0005525
BdiBd21-3.1G0068900	GO:0003924
BdiBd21-3.1G0068900	GO:0000287
BdiBd21-3.1G0081300	GO:0055114
BdiBd21-3.1G0081300	GO:0020037
BdiBd21-3.1G0081300	GO:0016705
BdiBd21-3.1G0081300	GO:0005506
BdiBd21-3.1G0082800	GO:0051536
BdiBd21-3.1G0082800	GO:0009055
BdiBd21-3.1G0082800	GO:0055114
BdiBd21-3.1G0082800	GO:0046872
BdiBd21-3.1G0082800	GO:0016491
BdiBd21-3.1G0083100	GO:0008270
BdiBd21-3.1G0083100	GO:0003677
BdiBd21-3.1G0086800	GO:0005515
BdiBd21-3.1G0091100	GO:0005525
BdiBd21-3.1G0092400	GO:0005525
BdiBd21-3.1G0094600	GO:0006355
BdiBd21-3.1G0094600	GO:0003677
BdiBd21-3.1G0100200	GO:0006412
BdiBd21-3.1G0100200	GO:0005840
BdiBd21-3.1G0100200	GO:0003735
BdiBd21-3.1G0102500	GO:0016491
BdiBd21-3.1G0102800	GO:0016020
BdiBd21-3.1G0102800	GO:0008236
BdiBd21-3.1G0102800	GO:0006508
BdiBd21-3.1G0103500	GO:0016491
BdiBd21-3.1G0103500	GO:0016020
BdiBd21-3.1G0103500	GO:0009055
BdiBd21-3.1G0103600	GO:0022904
BdiBd21-3.1G0103600	GO:0016020
BdiBd21-3.1G0103700	GO:0050821
BdiBd21-3.1G0103700	GO:0042301
BdiBd21-3.1G0103700	GO:0016020
BdiBd21-3.1G0103700	GO:0015979
BdiBd21-3.1G0103700	GO:0009523
BdiBd21-3.1G0104000	GO:0019684
BdiBd21-3.1G0104000	GO:0016168
BdiBd21-3.1G0104000	GO:0016020
BdiBd21-3.1G0104000	GO:0009767
BdiBd21-3.1G0104000	GO:0009521
BdiBd21-3.1G0107700	GO:0055114
BdiBd21-3.1G0107700	GO:0020037
BdiBd21-3.1G0107700	GO:0006979
BdiBd21-3.1G0107700	GO:0004601
BdiBd21-3.1G0111200	GO:0055114
BdiBd21-3.1G0111200	GO:0051287
BdiBd21-3.1G0111200	GO:0016616
BdiBd21-3.1G0125100	GO:0046983
BdiBd21-3.1G0129100	GO:0009611
BdiBd21-3.1G0129100	GO:0004867
BdiBd21-3.1G0131800	GO:0051745
BdiBd21-3.1G0131800	GO:0050992
BdiBd21-3.1G0131800	GO:0046872
BdiBd21-3.1G0131800	GO:0019288
BdiBd21-3.1G0132300	GO:0042651
BdiBd21-3.1G0132300	GO:0015979
BdiBd21-3.1G0132300	GO:0009522
BdiBd21-3.1G0132300	GO:0005516
BdiBd21-3.1G0132800	GO:0042651
BdiBd21-3.1G0132800	GO:0015979
BdiBd21-3.1G0132800	GO:0009522
BdiBd21-3.1G0132800	GO:0005516
BdiBd21-3.1G0137800	GO:0005737
BdiBd21-3.1G0142600	GO:0007165
BdiBd21-3.1G0142600	GO:0000155
BdiBd21-3.1G0142600	GO:0000160
BdiBd21-3.1G0143000	GO:0005524
BdiBd21-3.1G0145100	GO:0016758
BdiBd21-3.1G0145100	GO:0008152
BdiBd21-3.1G0146400	GO:0005975
BdiBd21-3.1G0146400	GO:0004553
BdiBd21-3.1G0147100	GO:0006412
BdiBd21-3.1G0147100	GO:0005840
BdiBd21-3.1G0147100	GO:0005622
BdiBd21-3.1G0147100	GO:0003735
BdiBd21-3.1G0147100	GO:0003723
BdiBd21-3.1G0150100	GO:0009055
BdiBd21-3.1G0155700	GO:0005515
BdiBd21-3.1G0155700	GO:0055114
BdiBd21-3.1G0155700	GO:0046872
BdiBd21-3.1G0155700	GO:0016702
BdiBd21-3.1G0157900	GO:0055114
BdiBd21-3.1G0157900	GO:0020037
BdiBd21-3.1G0157900	GO:0016705
BdiBd21-3.1G0157900	GO:0005506
BdiBd21-3.1G0161800	GO:0016020
BdiBd21-3.1G0161800	GO:0009765
BdiBd21-3.1G0165200	GO:0006468
BdiBd21-3.1G0165200	GO:0005524
BdiBd21-3.1G0165200	GO:0004672
BdiBd21-3.1G0165400	GO:0006468
BdiBd21-3.1G0165400	GO:0005524
BdiBd21-3.1G0165400	GO:0004672
BdiBd21-3.1G0165800	GO:0055085
BdiBd21-3.1G0165800	GO:0016021
BdiBd21-3.1G0172000	GO:0005515
BdiBd21-3.1G0176100	GO:0006355
BdiBd21-3.1G0176100	GO:0003723
BdiBd21-3.1G0176100	GO:0006353
BdiBd21-3.1G0176300	GO:0055085
BdiBd21-3.1G0176300	GO:0016021
BdiBd21-3.1G0176900	GO:0008652
BdiBd21-3.1G0176900	GO:0008270
BdiBd21-3.1G0176900	GO:0003871
BdiBd21-3.1G0176900	GO:0009086
BdiBd21-3.1G0191500	GO:0055085
BdiBd21-3.1G0191500	GO:0016020
BdiBd21-3.1G0191500	GO:0015297
BdiBd21-3.1G0191500	GO:0015238
BdiBd21-3.1G0191500	GO:0006855
BdiBd21-3.1G0195300	GO:0055114
BdiBd21-3.1G0195300	GO:0016491
BdiBd21-3.1G0201600	GO:0055114
BdiBd21-3.1G0201600	GO:0020037
BdiBd21-3.1G0201600	GO:0016705
BdiBd21-3.1G0201600	GO:0005506
BdiBd21-3.1G0202800	GO:0016597
BdiBd21-3.1G0202800	GO:0008152
BdiBd21-3.1G0204500	GO:0016020
BdiBd21-3.1G0204500	GO:0009765
BdiBd21-3.1G0206600	GO:0016021
BdiBd21-3.1G0208300	GO:0016788
BdiBd21-3.1G0209000	GO:0071805
BdiBd21-3.1G0209000	GO:0016020
BdiBd21-3.1G0209000	GO:0015079
BdiBd21-3.1G0210400	GO:0055085
BdiBd21-3.1G0210400	GO:0016020
BdiBd21-3.1G0210400	GO:0015297
BdiBd21-3.1G0210400	GO:0015238
BdiBd21-3.1G0210400	GO:0006855
BdiBd21-3.1G0219100	GO:0006629
BdiBd21-3.1G0219100	GO:0055114
BdiBd21-3.1G0219100	GO:0016717
BdiBd21-3.1G0219700	GO:0003824
BdiBd21-3.1G0219700	GO:0006470
BdiBd21-3.1G0219700	GO:0004722
BdiBd21-3.1G0223400	GO:0055114
BdiBd21-3.1G0223400	GO:0016491
BdiBd21-3.1G0223400	GO:0008152
BdiBd21-3.1G0224300	GO:0043631
BdiBd21-3.1G0224300	GO:0003723
BdiBd21-3.1G0224300	GO:0004652
BdiBd21-3.1G0224300	GO:0005634
BdiBd21-3.1G0225300	GO:0007165
BdiBd21-3.1G0225500	GO:0006468
BdiBd21-3.1G0225500	GO:0004672
BdiBd21-3.1G0227100	GO:0006355
BdiBd21-3.1G0227100	GO:0003677
BdiBd21-3.1G0230200	GO:0043565
BdiBd21-3.1G0230200	GO:0006355
BdiBd21-3.1G0230200	GO:0003700
BdiBd21-3.1G0230500	GO:0008270
BdiBd21-3.1G0230500	GO:0003677
BdiBd21-3.1G0233300	GO:0007165
BdiBd21-3.1G0233800	GO:0055114
BdiBd21-3.1G0233800	GO:0020037
BdiBd21-3.1G0233800	GO:0006979
BdiBd21-3.1G0233800	GO:0004601
BdiBd21-3.1G0233900	GO:0055114
BdiBd21-3.1G0233900	GO:0020037
BdiBd21-3.1G0233900	GO:0006979
BdiBd21-3.1G0233900	GO:0004601
BdiBd21-3.1G0235600	GO:0055114
BdiBd21-3.1G0235600	GO:0016616
BdiBd21-3.1G0235600	GO:0006694
BdiBd21-3.1G0235600	GO:0003854
BdiBd21-3.1G0243900	GO:2001070
BdiBd21-3.1G0243900	GO:0005975
BdiBd21-3.1G0243900	GO:0004134
BdiBd21-3.1G0246300	GO:0019239
BdiBd21-3.1G0247600	GO:0045454
BdiBd21-3.1G0247600	GO:0015035
BdiBd21-3.1G0247600	GO:0009055
BdiBd21-3.1G0251200	GO:0016851
BdiBd21-3.1G0251200	GO:0009058
BdiBd21-3.1G0258600	GO:0006351
BdiBd21-3.1G0258600	GO:0005634
BdiBd21-3.1G0258600	GO:0003677
BdiBd21-3.1G0259200	GO:0006457
BdiBd21-3.1G0259200	GO:0005737
BdiBd21-3.1G0271300	GO:0005975
BdiBd21-3.1G0271300	GO:0004134
BdiBd21-3.1G0273700	GO:0005515
BdiBd21-3.1G0277300	GO:0005634
BdiBd21-3.1G0278600	GO:0009073
BdiBd21-3.1G0278600	GO:0003849
BdiBd21-3.1G0289700	GO:0007165
BdiBd21-3.1G0291700	GO:0055114
BdiBd21-3.1G0291700	GO:0020037
BdiBd21-3.1G0291700	GO:0016705
BdiBd21-3.1G0291700	GO:0005506
BdiBd21-3.1G0299900	GO:0005515
BdiBd21-3.1G0301000	GO:0016758
BdiBd21-3.1G0301000	GO:0008152
BdiBd21-3.1G0302600	GO:0005515
BdiBd21-3.1G0302700	GO:0005515
BdiBd21-3.1G0306100	GO:0055085
BdiBd21-3.1G0306100	GO:0016021
BdiBd21-3.1G0306200	GO:0055085
BdiBd21-3.1G0306200	GO:0022857
BdiBd21-3.1G0306200	GO:0016021
BdiBd21-3.1G0307000	GO:0008299
BdiBd21-3.1G0320800	GO:0006457
BdiBd21-3.1G0320800	GO:0003755
BdiBd21-3.1G0320800	GO:0000413
BdiBd21-3.1G0324000	GO:0016459
BdiBd21-3.1G0324000	GO:0005524
BdiBd21-3.1G0324000	GO:0003774
BdiBd21-3.1G0324000	GO:0005515
BdiBd21-3.1G0324200	GO:0016020
BdiBd21-3.1G0324200	GO:0009765
BdiBd21-3.1G0326400	GO:0046854
BdiBd21-3.1G0329800	GO:0030244
BdiBd21-3.1G0329800	GO:0016760
BdiBd21-3.1G0329800	GO:0016020
BdiBd21-3.1G0332500	GO:0016787
BdiBd21-3.1G0332500	GO:0008299
BdiBd21-3.1G0332500	GO:0004452
BdiBd21-3.1G0333500	GO:0016161
BdiBd21-3.1G0333500	GO:0000272
BdiBd21-3.1G0333600	GO:0016161
BdiBd21-3.1G0333600	GO:0000272
BdiBd21-3.1G0333700	GO:0016020
BdiBd21-3.1G0333700	GO:0006810
BdiBd21-3.1G0333700	GO:0005215
BdiBd21-3.1G0334300	GO:0005975
BdiBd21-3.1G0334300	GO:0004553
BdiBd21-3.1G0340200	GO:0007264
BdiBd21-3.1G0340200	GO:0005525
BdiBd21-3.1G0340600	GO:0016887
BdiBd21-3.1G0340600	GO:0005524
BdiBd21-3.1G0340600	GO:0016020
BdiBd21-3.1G0341500	GO:0005524
BdiBd21-3.1G0346000	GO:0005524
BdiBd21-3.1G0347400	GO:0045454
BdiBd21-3.1G0347400	GO:0008152
BdiBd21-3.1G0347400	GO:0003824
BdiBd21-3.1G0347500	GO:0006508
BdiBd21-3.1G0347500	GO:0004176
BdiBd21-3.1G0351100	GO:0016758
BdiBd21-3.1G0351100	GO:0008152
BdiBd21-3.1G0352000	GO:0055085
BdiBd21-3.1G0352000	GO:0016020
BdiBd21-3.1G0352000	GO:0015297
BdiBd21-3.1G0352000	GO:0015238
BdiBd21-3.1G0352000	GO:0006855
BdiBd21-3.1G0355200	GO:0005524
BdiBd21-3.1G0355200	GO:0004003
BdiBd21-3.1G0355200	GO:0003677
BdiBd21-3.1G0355600	GO:0071949
BdiBd21-3.1G0360800	GO:0016021
BdiBd21-3.1G0360800	GO:0016020
BdiBd21-3.1G0360800	GO:0022857
BdiBd21-3.1G0364100	GO:0043531
BdiBd21-3.1G0382100	GO:0055114
BdiBd21-3.1G0382100	GO:0020037
BdiBd21-3.1G0382100	GO:0016705
BdiBd21-3.1G0382100	GO:0005506
BdiBd21-3.1G0383800	GO:0030170
BdiBd21-3.1G0383800	GO:0019752
BdiBd21-3.1G0383800	GO:0016831
BdiBd21-3.1G0394700	GO:0016740
BdiBd21-3.1G0394700	GO:0009058
BdiBd21-3.1G0398500	GO:0043169
BdiBd21-3.1G0398500	GO:0005975
BdiBd21-3.1G0398500	GO:0003824
BdiBd21-3.1G0398500	GO:0004553
BdiBd21-3.1G0398600	GO:0006355
BdiBd21-3.1G0398600	GO:0003677
BdiBd21-3.1G0401900	GO:0051082
BdiBd21-3.1G0401900	GO:0006950
BdiBd21-3.1G0401900	GO:0006457
BdiBd21-3.1G0401900	GO:0005524
BdiBd21-3.1G0402400	GO:0003723
BdiBd21-3.1G0402400	GO:0009982
BdiBd21-3.1G0402400	GO:0009451
BdiBd21-3.1G0402400	GO:0001522
BdiBd21-3.1G0406800	GO:0016799
BdiBd21-3.1G0406800	GO:0008270
BdiBd21-3.1G0406800	GO:0006284
BdiBd21-3.1G0406800	GO:0003906
BdiBd21-3.1G0406800	GO:0003684
BdiBd21-3.1G0406800	GO:0006289
BdiBd21-3.1G0413500	GO:0043565
BdiBd21-3.1G0413500	GO:0006355
BdiBd21-3.1G0413500	GO:0003700
BdiBd21-3.1G0423500	GO:0005515
BdiBd21-3.1G0423500	GO:0006468
BdiBd21-3.1G0423500	GO:0005524
BdiBd21-3.1G0423500	GO:0004672
BdiBd21-3.1G0434300	GO:0009733
BdiBd21-3.1G0434400	GO:0043139
BdiBd21-3.1G0434400	GO:0003697
BdiBd21-3.1G0441500	GO:0009055
BdiBd21-3.1G0444800	GO:0006412
BdiBd21-3.1G0444800	GO:0005840
BdiBd21-3.1G0444800	GO:0005622
BdiBd21-3.1G0444800	GO:0003735
BdiBd21-3.1G0451000	GO:0016758
BdiBd21-3.1G0451000	GO:0008152
BdiBd21-3.1G0453800	GO:0048544
BdiBd21-3.1G0453800	GO:0006468
BdiBd21-3.1G0453800	GO:0005524
BdiBd21-3.1G0453800	GO:0004672
BdiBd21-3.1G0454300	GO:0016788
BdiBd21-3.1G0456700	GO:0048046
BdiBd21-3.1G0456700	GO:0016762
BdiBd21-3.1G0456700	GO:0006073
BdiBd21-3.1G0456700	GO:0005618
BdiBd21-3.1G0456700	GO:0005975
BdiBd21-3.1G0456700	GO:0004553
BdiBd21-3.1G0462400	GO:0009733
BdiBd21-3.1G0469000	GO:0016757
BdiBd21-3.1G0469300	GO:0000160
BdiBd21-3.1G0469800	GO:0005515
BdiBd21-3.1G0475800	GO:0005975
BdiBd21-3.1G0475800	GO:0004553
BdiBd21-3.1G0481100	GO:0030170
BdiBd21-3.1G0481100	GO:0004834
BdiBd21-3.1G0481100	GO:0000162
BdiBd21-3.1G0483100	GO:0050662
BdiBd21-3.1G0483100	GO:0003824
BdiBd21-3.1G0501000	GO:0016747
BdiBd21-3.1G0501600	GO:0055085
BdiBd21-3.1G0501600	GO:0016021
BdiBd21-3.1G0501900	GO:0016758
BdiBd21-3.1G0501900	GO:0008152
BdiBd21-3.1G0502300	GO:0043565
BdiBd21-3.1G0502400	GO:0055114
BdiBd21-3.1G0502400	GO:0016491
BdiBd21-3.1G0502400	GO:0008152
BdiBd21-3.1G0504900	GO:0008234
BdiBd21-3.1G0504900	GO:0006508
BdiBd21-3.1G0506800	GO:0009415
BdiBd21-3.1G0506800	GO:0006950
BdiBd21-3.1G0509400	GO:0055114
BdiBd21-3.1G0509400	GO:0016491
BdiBd21-3.1G0509400	GO:0005507
BdiBd21-3.1G0513100	GO:0055085
BdiBd21-3.1G0513100	GO:0042626
BdiBd21-3.1G0513100	GO:0016021
BdiBd21-3.1G0513100	GO:0006810
BdiBd21-3.1G0513100	GO:0005524
BdiBd21-3.1G0513100	GO:0016887
BdiBd21-3.1G0516300	GO:0016887
BdiBd21-3.1G0516300	GO:0005524
BdiBd21-3.1G0516300	GO:0016020
BdiBd21-3.1G0519800	GO:0055114
BdiBd21-3.1G0519800	GO:0050660
BdiBd21-3.1G0519800	GO:0016491
BdiBd21-3.1G0540600	GO:0016829
BdiBd21-3.1G0540600	GO:0006520
BdiBd21-3.1G0541800	GO:0055114
BdiBd21-3.1G0541800	GO:0033743
BdiBd21-3.1G0541800	GO:0030091
BdiBd21-3.1G0541800	GO:0016671
BdiBd21-3.1G0541800	GO:0006979
BdiBd21-3.1G0543200	GO:0005975
BdiBd21-3.1G0543200	GO:0004553
BdiBd21-3.1G0543200	GO:0043169
BdiBd21-3.1G0543200	GO:0003824
BdiBd21-3.1G0552900	GO:0006096
BdiBd21-3.1G0552900	GO:0003872
BdiBd21-3.1G0554700	GO:0008168
BdiBd21-3.1G0564000	GO:0016758
BdiBd21-3.1G0564000	GO:0008152
BdiBd21-3.1G0571000	GO:0006468
BdiBd21-3.1G0571000	GO:0004672
BdiBd21-3.1G0572700	GO:0016020
BdiBd21-3.1G0572700	GO:0006810
BdiBd21-3.1G0572700	GO:0005215
BdiBd21-3.1G0574000	GO:0016747
BdiBd21-3.1G0574000	GO:0008610
BdiBd21-3.1G0574000	GO:0016020
BdiBd21-3.1G0574000	GO:0006633
BdiBd21-3.1G0576500	GO:0055114
BdiBd21-3.1G0576500	GO:0016491
BdiBd21-3.1G0579400	GO:0016567
BdiBd21-3.1G0579400	GO:0004842
BdiBd21-3.1G0580100	GO:0005515
BdiBd21-3.1G0580700	GO:0016757
BdiBd21-3.1G0583300	GO:0008649
BdiBd21-3.1G0583300	GO:0006364
BdiBd21-3.1G0583300	GO:0005737
BdiBd21-3.1G0587900	GO:0005515
BdiBd21-3.1G0589300	GO:0016758
BdiBd21-3.1G0589300	GO:0008152
BdiBd21-3.1G0590500	GO:0030246
BdiBd21-3.1G0590500	GO:0016020
BdiBd21-3.1G0590500	GO:0008378
BdiBd21-3.1G0590500	GO:0006486
BdiBd21-3.1G0598800	GO:0008270
BdiBd21-3.1G0598800	GO:0005515
BdiBd21-3.1G0599700	GO:0009055
BdiBd21-3.1G0600200	GO:0008017
BdiBd21-3.1G0600200	GO:0007018
BdiBd21-3.1G0600200	GO:0005524
BdiBd21-3.1G0600200	GO:0003777
BdiBd21-3.1G0600200	GO:0005871
BdiBd21-3.1G0600800	GO:0055114
BdiBd21-3.1G0600800	GO:0016491
BdiBd21-3.1G0600800	GO:0010181
BdiBd21-3.1G0601500	GO:0055114
BdiBd21-3.1G0601500	GO:0016491
BdiBd21-3.1G0601900	GO:0016758
BdiBd21-3.1G0601900	GO:0008152
BdiBd21-3.1G0607300	GO:0055085
BdiBd21-3.1G0607300	GO:0016020
BdiBd21-3.1G0607300	GO:0006811
BdiBd21-3.1G0607300	GO:0005216
BdiBd21-3.1G0610000	GO:0016872
BdiBd21-3.1G0612300	GO:0006457
BdiBd21-3.1G0612300	GO:0005737
BdiBd21-3.1G0612700	GO:0055114
BdiBd21-3.1G0612700	GO:0016491
BdiBd21-3.1G0612700	GO:0016209
BdiBd21-3.1G0614700	GO:0008270
BdiBd21-3.1G0614700	GO:0005515
BdiBd21-3.1G0620000	GO:0016747
BdiBd21-3.1G0626500	GO:0008270
BdiBd21-3.1G0626500	GO:0005515
BdiBd21-3.1G0631600	GO:0055114
BdiBd21-3.1G0631600	GO:0016491
BdiBd21-3.1G0638900	GO:0006355
BdiBd21-3.1G0638900	GO:0003700
BdiBd21-3.1G0655900	GO:0055085
BdiBd21-3.1G0656100	GO:0008270
BdiBd21-3.1G0656100	GO:0005515
BdiBd21-3.1G0656600	GO:0005515
BdiBd21-3.1G0656600	GO:0051087
BdiBd21-3.1G0660000	GO:0016851
BdiBd21-3.1G0660000	GO:0015995
BdiBd21-3.1G0660000	GO:0015979
BdiBd21-3.1G0664100	GO:0003824
BdiBd21-3.1G0664100	GO:0008792
BdiBd21-3.1G0664100	GO:0008295
BdiBd21-3.1G0664100	GO:0006527
BdiBd21-3.1G0666700	GO:0005524
BdiBd21-3.1G0670800	GO:0055114
BdiBd21-3.1G0670800	GO:0046872
BdiBd21-3.1G0670800	GO:0006801
BdiBd21-3.1G0670800	GO:0004784
BdiBd21-3.1G0678800	GO:0055114
BdiBd21-3.1G0678800	GO:0046872
BdiBd21-3.1G0678800	GO:0006801
BdiBd21-3.1G0678800	GO:0004784
BdiBd21-3.1G0681800	GO:0003993
BdiBd21-3.1G0684600	GO:0006096
BdiBd21-3.1G0684600	GO:0004634
BdiBd21-3.1G0684600	GO:0000287
BdiBd21-3.1G0684600	GO:0000015
BdiBd21-3.1G0687000	GO:0005515
BdiBd21-3.1G0687000	GO:0006468
BdiBd21-3.1G0687000	GO:0005524
BdiBd21-3.1G0687000	GO:0004672
BdiBd21-3.1G0687500	GO:0016765
BdiBd21-3.1G0692200	GO:0006508
BdiBd21-3.1G0692200	GO:0004190
BdiBd21-3.1G0695800	GO:0006426
BdiBd21-3.1G0695800	GO:0005737
BdiBd21-3.1G0695800	GO:0005524
BdiBd21-3.1G0695800	GO:0004820
BdiBd21-3.1G0695800	GO:0000166
BdiBd21-3.1G0698700	GO:0007165
BdiBd21-3.1G0710900	GO:0016758
BdiBd21-3.1G0710900	GO:0008152
BdiBd21-3.1G0713800	GO:0055114
BdiBd21-3.1G0713800	GO:0008677
BdiBd21-3.1G0713800	GO:0005975
BdiBd21-3.1G0713800	GO:0004367
BdiBd21-3.1G0713800	GO:0009331
BdiBd21-3.1G0713800	GO:0006072
BdiBd21-3.1G0722400	GO:0006122
BdiBd21-3.1G0722400	GO:0005750
BdiBd21-3.1G0726400	GO:0016757
BdiBd21-3.1G0726400	GO:0016020
BdiBd21-3.1G0726400	GO:0030246
BdiBd21-3.1G0726400	GO:0008378
BdiBd21-3.1G0726400	GO:0006486
BdiBd21-3.1G0729200	GO:0046872
BdiBd21-3.1G0729200	GO:0000166
BdiBd21-3.1G0729500	GO:0008152
BdiBd21-3.1G0729500	GO:0003824
BdiBd21-3.1G0729500	GO:0016114
BdiBd21-3.1G0729500	GO:0008661
BdiBd21-3.1G0736800	GO:0006568
BdiBd21-3.1G0736800	GO:0004834
BdiBd21-3.1G0741700	GO:0005515
BdiBd21-3.1G0750800	GO:0003723
BdiBd21-3.1G0750800	GO:0003676
BdiBd21-3.1G0750800	GO:0006402
BdiBd21-3.1G0750800	GO:0004654
BdiBd21-3.1G0761200	GO:0016627
BdiBd21-3.1G0761200	GO:0016021
BdiBd21-3.1G0761200	GO:0006629
BdiBd21-3.1G0761200	GO:0005737
BdiBd21-3.1G0762400	GO:0055114
BdiBd21-3.1G0762400	GO:0020037
BdiBd21-3.1G0762400	GO:0016705
BdiBd21-3.1G0762400	GO:0005506
BdiBd21-3.1G0766500	GO:0003676
BdiBd21-3.1G0773700	GO:0006468
BdiBd21-3.1G0773700	GO:0005524
BdiBd21-3.1G0773700	GO:0004672
BdiBd21-3.1G0773700	GO:0030246
BdiBd21-3.1G0775100	GO:0006468
BdiBd21-3.1G0775100	GO:0005524
BdiBd21-3.1G0775100	GO:0004672
BdiBd21-3.1G0775100	GO:0030246
BdiBd21-3.1G0775200	GO:0006468
BdiBd21-3.1G0775200	GO:0005524
BdiBd21-3.1G0775200	GO:0004672
BdiBd21-3.1G0775200	GO:0030246
BdiBd21-3.1G0781300	GO:0006468
BdiBd21-3.1G0781300	GO:0004672
BdiBd21-3.1G0790400	GO:0005515
BdiBd21-3.1G0802600	GO:0005515
BdiBd21-3.1G0808700	GO:0042823
BdiBd21-3.1G0808700	GO:0042819
BdiBd21-3.1G0813700	GO:0006468
BdiBd21-3.1G0813700	GO:0004672
BdiBd21-3.1G0816300	GO:0016157
BdiBd21-3.1G0816300	GO:0005985
BdiBd21-3.1G0820200	GO:0006508
BdiBd21-3.1G0820200	GO:0004185
BdiBd21-3.1G0822200	GO:0006468
BdiBd21-3.1G0822200	GO:0005524
BdiBd21-3.1G0822200	GO:0004672
BdiBd21-3.1G0822600	GO:0009073
BdiBd21-3.1G0822600	GO:0003849
BdiBd21-3.1G0825200	GO:0005515
BdiBd21-3.1G0827600	GO:0008168
BdiBd21-3.1G0829300	GO:0003676
BdiBd21-3.1G0840500	GO:0019843
BdiBd21-3.1G0840500	GO:0006412
BdiBd21-3.1G0840500	GO:0005840
BdiBd21-3.1G0840500	GO:0003735
BdiBd21-3.1G0843500	GO:0016161
BdiBd21-3.1G0843500	GO:0000272
BdiBd21-3.1G0852300	GO:0071805
BdiBd21-3.1G0852300	GO:0016020
BdiBd21-3.1G0852300	GO:0015079
BdiBd21-3.1G0853700	GO:0043565
BdiBd21-3.1G0853700	GO:0006355
BdiBd21-3.1G0853700	GO:0003700
BdiBd21-3.1G0859800	GO:0030598
BdiBd21-3.1G0859800	GO:0017148
BdiBd21-3.1G0862500	GO:0043565
BdiBd21-3.1G0862500	GO:0006355
BdiBd21-3.1G0862500	GO:0003700
BdiBd21-3.1G0862800	GO:0016758
BdiBd21-3.1G0862800	GO:0008152
BdiBd21-3.1G0863700	GO:0007165
BdiBd21-3.1G0865100	GO:0016757
BdiBd21-3.1G0865100	GO:0047216
BdiBd21-3.1G0865100	GO:0006012
BdiBd21-3.1G0867300	GO:0005509
BdiBd21-3.1G0867400	GO:0005509
BdiBd21-3.1G0868700	GO:0005515
BdiBd21-3.1G0874500	GO:0031225
BdiBd21-3.1G0874500	GO:0016049
BdiBd21-3.1G0874500	GO:0010215
BdiBd21-3.1G0882400	GO:0006468
BdiBd21-3.1G0882400	GO:0004672
BdiBd21-3.1G0883200	GO:0006629
BdiBd21-3.1G0883200	GO:0055114
BdiBd21-3.1G0883200	GO:0016717
BdiBd21-3.1G0885100	GO:0006810
BdiBd21-3.1G0885100	GO:0005622
BdiBd21-3.1G0886800	GO:0042254
BdiBd21-3.1G0886800	GO:0005622
BdiBd21-3.1G0904900	GO:0006412
BdiBd21-3.1G0904900	GO:0005840
BdiBd21-3.1G0904900	GO:0003735
BdiBd21-3.1G0905900	GO:0016833
BdiBd21-3.1G0905900	GO:0009058
BdiBd21-3.1G0910700	GO:0034755
BdiBd21-3.1G0910700	GO:0016021
BdiBd21-3.1G0910700	GO:0005381
BdiBd21-3.1G0912600	GO:0030246
BdiBd21-3.1G0912600	GO:0005975
BdiBd21-3.1G0912600	GO:0004553
BdiBd21-3.1G0912900	GO:0009073
BdiBd21-3.1G0912900	GO:0004107
BdiBd21-3.1G0926500	GO:0008017
BdiBd21-3.1G0926500	GO:0000910
BdiBd21-3.1G0926500	GO:0000226
BdiBd21-3.1G0932600	GO:0008152
BdiBd21-3.1G0932600	GO:0003824
BdiBd21-3.1G0932700	GO:0071949
BdiBd21-3.1G0934500	GO:0020037
BdiBd21-3.1G0934500	GO:0019825
BdiBd21-3.1G0934600	GO:0055114
BdiBd21-3.1G0934600	GO:0020037
BdiBd21-3.1G0934600	GO:0016705
BdiBd21-3.1G0934600	GO:0005506
BdiBd21-3.1G0937700	GO:0006807
BdiBd21-3.1G0937700	GO:0006542
BdiBd21-3.1G0937700	GO:0004356
BdiBd21-3.1G0939200	GO:0015934
BdiBd21-3.1G0939200	GO:0006412
BdiBd21-3.1G0939200	GO:0003735
BdiBd21-3.1G0947000	GO:0005515
BdiBd21-3.1G0950400	GO:0006418
BdiBd21-3.1G0950400	GO:0005524
BdiBd21-3.1G0950400	GO:0004812
BdiBd21-3.1G0950400	GO:0000166
BdiBd21-3.1G0951700	GO:0003824
BdiBd21-3.1G0951700	GO:0006470
BdiBd21-3.1G0951700	GO:0004722
BdiBd21-3.1G0951900	GO:0046872
BdiBd21-3.1G0951900	GO:0030001
BdiBd21-3.1G0957500	GO:0005975
BdiBd21-3.1G0957500	GO:0004553
BdiBd21-3.1G0959900	GO:0045735
BdiBd21-3.1G0960000	GO:0055085
BdiBd21-3.1G0960000	GO:0022857
BdiBd21-3.1G0960000	GO:0016021
BdiBd21-3.1G0961100	GO:0009001
BdiBd21-3.1G0961100	GO:0006535
BdiBd21-3.1G0961100	GO:0005737
BdiBd21-3.1G0962200	GO:0016021
BdiBd21-3.1G0962200	GO:0015116
BdiBd21-3.1G0962200	GO:0008272
BdiBd21-3.1G0962200	GO:0055085
BdiBd21-3.1G0962200	GO:0016020
BdiBd21-3.1G0962200	GO:0008271
BdiBd21-3.1G0962300	GO:0016021
BdiBd21-3.1G0962300	GO:0015116
BdiBd21-3.1G0962300	GO:0008272
BdiBd21-3.1G0962300	GO:0055085
BdiBd21-3.1G0962300	GO:0016020
BdiBd21-3.1G0962300	GO:0008271
BdiBd21-3.1G0964500	GO:0008654
BdiBd21-3.1G0964500	GO:0006021
BdiBd21-3.1G0964500	GO:0004512
BdiBd21-3.1G0967000	GO:0016021
BdiBd21-3.1G0967000	GO:0004659
BdiBd21-3.1G0967300	GO:0055114
BdiBd21-3.1G0967300	GO:0016491
BdiBd21-3.1G0967300	GO:0008270
BdiBd21-3.1G0973200	GO:0005515
BdiBd21-3.1G0973200	GO:0006468
BdiBd21-3.1G0973200	GO:0004672
BdiBd21-3.1G0979300	GO:0016020
BdiBd21-3.1G0979300	GO:0006810
BdiBd21-3.1G0979300	GO:0005215
BdiBd21-3.1G0984200	GO:0009733
BdiBd21-3.1G0989600	GO:0016192
BdiBd21-3.1G0989600	GO:0016021
BdiBd21-3.1G0993900	GO:0043565
BdiBd21-3.1G0993900	GO:0006355
BdiBd21-3.1G0993900	GO:0005634
BdiBd21-3.1G0993900	GO:0003700
BdiBd21-3.1G0994700	GO:0016021
BdiBd21-3.1G0994700	GO:0015116
BdiBd21-3.1G0994700	GO:0008272
BdiBd21-3.1G0994700	GO:0055085
BdiBd21-3.1G0994700	GO:0016020
BdiBd21-3.1G0994700	GO:0008271
BdiBd21-3.1G0994700	GO:0009507
BdiBd21-3.1G1008600	GO:0005524
BdiBd21-3.1G1010000	GO:0016161
BdiBd21-3.1G1010000	GO:0000272
BdiBd21-3.1G1013400	GO:0048544
BdiBd21-3.1G1013400	GO:0006468
BdiBd21-3.1G1013400	GO:0005524
BdiBd21-3.1G1013400	GO:0004672
BdiBd21-3.1G1015900	GO:0009001
BdiBd21-3.1G1015900	GO:0006535
BdiBd21-3.1G1015900	GO:0005737
BdiBd21-3.1G1016700	GO:0006355
BdiBd21-3.1G1016700	GO:0003677
BdiBd21-3.1G1017500	GO:0080085
BdiBd21-3.1G1017500	GO:0045038
BdiBd21-3.1G1017500	GO:0009507
BdiBd21-3.1G1017500	GO:0009416
BdiBd21-3.1G1018400	GO:0055114
BdiBd21-3.1G1018400	GO:0020037
BdiBd21-3.1G1018400	GO:0004096
BdiBd21-3.1G1018400	GO:0006979
BdiBd21-3.1G1019900	GO:0008152
BdiBd21-3.1G1019900	GO:0003824
BdiBd21-3.1G1023500	GO:0007165
BdiBd21-3.1G1024800	GO:0055114
BdiBd21-3.1G1024800	GO:0016491
BdiBd21-3.1G1024800	GO:0006633
BdiBd21-3.1G1024800	GO:0005506
BdiBd21-3.1G1026800	GO:0055114
BdiBd21-3.1G1026800	GO:0016491
BdiBd21-3.1G1026900	GO:0019898
BdiBd21-3.1G1026900	GO:0015979
BdiBd21-3.1G1026900	GO:0009654
BdiBd21-3.1G1026900	GO:0009523
BdiBd21-3.1G1026900	GO:0005509
BdiBd21-3.1G1027000	GO:0006412
BdiBd21-3.1G1027000	GO:0005840
BdiBd21-3.1G1027000	GO:0003735
BdiBd21-3.1G1031700	GO:0055114
BdiBd21-3.1G1031700	GO:0009089
BdiBd21-3.1G1031700	GO:0008839
BdiBd21-3.1G1032400	GO:0016021
BdiBd21-3.1G1032400	GO:0004252
BdiBd21-3.1G1032400	GO:0006508
BdiBd21-3.1G1039300	GO:0008270
BdiBd21-3.1G1039300	GO:0005515
BdiBd21-3.1G1040800	GO:0042549
BdiBd21-3.1G1040800	GO:0015979
BdiBd21-3.1G1040800	GO:0009539
BdiBd21-3.1G1040800	GO:0009523
BdiBd21-3.2G0007100	GO:0003677
BdiBd21-3.2G0015700	GO:0006468
BdiBd21-3.2G0015700	GO:0005524
BdiBd21-3.2G0015700	GO:0004672
BdiBd21-3.2G0015800	GO:0006468
BdiBd21-3.2G0015800	GO:0005524
BdiBd21-3.2G0015800	GO:0004672
BdiBd21-3.2G0016400	GO:0016757
BdiBd21-3.2G0017200	GO:0051082
BdiBd21-3.2G0017200	GO:0006457
BdiBd21-3.2G0017200	GO:0005783
BdiBd21-3.2G0017200	GO:0005509
BdiBd21-3.2G0019400	GO:0016887
BdiBd21-3.2G0019400	GO:0005524
BdiBd21-3.2G0019400	GO:0016020
BdiBd21-3.2G0023600	GO:0006468
BdiBd21-3.2G0023600	GO:0004672
BdiBd21-3.2G0023900	GO:0006308
BdiBd21-3.2G0023900	GO:0004519
BdiBd21-3.2G0023900	GO:0003676
BdiBd21-3.2G0028300	GO:0006950
BdiBd21-3.2G0028300	GO:0005516
BdiBd21-3.2G0028600	GO:0005509
BdiBd21-3.2G0030300	GO:0030247
BdiBd21-3.2G0030300	GO:0006468
BdiBd21-3.2G0030300	GO:0004672
BdiBd21-3.2G0034700	GO:0006508
BdiBd21-3.2G0034700	GO:0004222
BdiBd21-3.2G0036900	GO:0005759
BdiBd21-3.2G0041300	GO:0008152
BdiBd21-3.2G0041300	GO:0004807
BdiBd21-3.2G0048600	GO:0006508
BdiBd21-3.2G0048600	GO:0004222
BdiBd21-3.2G0059700	GO:0016887
BdiBd21-3.2G0059700	GO:0005524
BdiBd21-3.2G0059700	GO:0055085
BdiBd21-3.2G0059700	GO:0042626
BdiBd21-3.2G0059700	GO:0016021
BdiBd21-3.2G0059700	GO:0006810
BdiBd21-3.2G0061600	GO:0016021
BdiBd21-3.2G0061600	GO:0006820
BdiBd21-3.2G0061600	GO:0016020
BdiBd21-3.2G0061600	GO:0005452
BdiBd21-3.2G0061700	GO:0016758
BdiBd21-3.2G0061700	GO:0008152
BdiBd21-3.2G0062000	GO:0016758
BdiBd21-3.2G0062000	GO:0008152
BdiBd21-3.2G0066300	GO:0016758
BdiBd21-3.2G0066300	GO:0008152
BdiBd21-3.2G0066600	GO:0016020
BdiBd21-3.2G0071700	GO:0043565
BdiBd21-3.2G0071700	GO:0006355
BdiBd21-3.2G0071700	GO:0003700
BdiBd21-3.2G0073000	GO:0055114
BdiBd21-3.2G0073000	GO:0016491
BdiBd21-3.2G0073100	GO:0043531
BdiBd21-3.2G0073200	GO:0055114
BdiBd21-3.2G0073200	GO:0004471
BdiBd21-3.2G0073200	GO:0051287
BdiBd21-3.2G0073400	GO:0055114
BdiBd21-3.2G0073400	GO:0016491
BdiBd21-3.2G0075600	GO:0006351
BdiBd21-3.2G0075600	GO:0003899
BdiBd21-3.2G0075600	GO:0003677
BdiBd21-3.2G0075600	GO:0032549
BdiBd21-3.2G0076300	GO:0008173
BdiBd21-3.2G0076300	GO:0006396
BdiBd21-3.2G0077000	GO:0005515
BdiBd21-3.2G0081600	GO:0006468
BdiBd21-3.2G0081600	GO:0004672
BdiBd21-3.2G0094300	GO:0016020
BdiBd21-3.2G0095300	GO:0048544
BdiBd21-3.2G0095300	GO:0006468
BdiBd21-3.2G0095300	GO:0005524
BdiBd21-3.2G0095300	GO:0004672
BdiBd21-3.2G0102100	GO:0005515
BdiBd21-3.2G0106200	GO:0045454
BdiBd21-3.2G0106200	GO:0015035
BdiBd21-3.2G0106200	GO:0009055
BdiBd21-3.2G0109500	GO:0005515
BdiBd21-3.2G0109500	GO:0006468
BdiBd21-3.2G0109500	GO:0005524
BdiBd21-3.2G0109500	GO:0004672
BdiBd21-3.2G0117600	GO:0006468
BdiBd21-3.2G0117600	GO:0004672
BdiBd21-3.2G0128000	GO:0006355
BdiBd21-3.2G0128000	GO:0003677
BdiBd21-3.2G0132300	GO:0006265
BdiBd21-3.2G0132300	GO:0005524
BdiBd21-3.2G0132300	GO:0003918
BdiBd21-3.2G0132300	GO:0003677
BdiBd21-3.2G0132600	GO:0005975
BdiBd21-3.2G0132600	GO:0004553
BdiBd21-3.2G0133100	GO:0016887
BdiBd21-3.2G0133100	GO:0005524
BdiBd21-3.2G0133100	GO:0016020
BdiBd21-3.2G0143700	GO:0043022
BdiBd21-3.2G0143700	GO:0042256
BdiBd21-3.2G0144000	GO:0005515
BdiBd21-3.2G0144200	GO:0005634
BdiBd21-3.2G0146700	GO:0006457
BdiBd21-3.2G0146700	GO:0003755
BdiBd21-3.2G0146700	GO:0000413
BdiBd21-3.2G0149300	GO:0007165
BdiBd21-3.2G0156800	GO:0008168
BdiBd21-3.2G0156800	GO:0008152
BdiBd21-3.2G0159600	GO:0006950
BdiBd21-3.2G0160900	GO:0016787
BdiBd21-3.2G0161200	GO:0017038
BdiBd21-3.2G0161200	GO:0016020
BdiBd21-3.2G0161200	GO:0005524
BdiBd21-3.2G0162100	GO:0006556
BdiBd21-3.2G0162100	GO:0004478
BdiBd21-3.2G0162100	GO:0005524
BdiBd21-3.2G0162200	GO:0006556
BdiBd21-3.2G0162200	GO:0004478
BdiBd21-3.2G0162200	GO:0005524
BdiBd21-3.2G0163000	GO:0055114
BdiBd21-3.2G0163000	GO:0020037
BdiBd21-3.2G0163000	GO:0006979
BdiBd21-3.2G0163000	GO:0004601
BdiBd21-3.2G0171400	GO:0016747
BdiBd21-3.2G0172100	GO:0006468
BdiBd21-3.2G0172100	GO:0004672
BdiBd21-3.2G0173800	GO:0005515
BdiBd21-3.2G0174400	GO:0005515
BdiBd21-3.2G0174700	GO:0005515
BdiBd21-3.2G0175000	GO:0005515
BdiBd21-3.2G0181400	GO:0016757
BdiBd21-3.2G0193400	GO:0005524
BdiBd21-3.2G0195200	GO:0005515
BdiBd21-3.2G0196000	GO:0016987
BdiBd21-3.2G0196000	GO:0006355
BdiBd21-3.2G0196000	GO:0006352
BdiBd21-3.2G0196000	GO:0003700
BdiBd21-3.2G0196000	GO:0003677
BdiBd21-3.2G0201300	GO:0008299
BdiBd21-3.2G0201300	GO:0016765
BdiBd21-3.2G0201300	GO:0015979
BdiBd21-3.2G0201400	GO:0016773
BdiBd21-3.2G0201400	GO:0016020
BdiBd21-3.2G0201400	GO:0005524
BdiBd21-3.2G0207200	GO:0016787
BdiBd21-3.2G0207200	GO:0006541
BdiBd21-3.2G0207200	GO:0006221
BdiBd21-3.2G0207200	GO:0003883
BdiBd21-3.2G0208200	GO:0043565
BdiBd21-3.2G0208200	GO:0006355
BdiBd21-3.2G0208200	GO:0003700
BdiBd21-3.2G0213500	GO:0016020
BdiBd21-3.2G0213500	GO:0009765
BdiBd21-3.2G0214300	GO:0006364
BdiBd21-3.2G0214300	GO:0070569
BdiBd21-3.2G0214300	GO:0008152
BdiBd21-3.2G0221900	GO:0055085
BdiBd21-3.2G0221900	GO:0016020
BdiBd21-3.2G0221900	GO:0015297
BdiBd21-3.2G0221900	GO:0015238
BdiBd21-3.2G0221900	GO:0006855
BdiBd21-3.2G0225000	GO:0016021
BdiBd21-3.2G0226700	GO:0051536
BdiBd21-3.2G0226700	GO:0009055
BdiBd21-3.2G0240400	GO:0005524
BdiBd21-3.2G0243900	GO:0043565
BdiBd21-3.2G0243900	GO:0006355
BdiBd21-3.2G0243900	GO:0003700
BdiBd21-3.2G0245400	GO:0003676
BdiBd21-3.2G0247800	GO:0043531
BdiBd21-3.2G0249500	GO:0043565
BdiBd21-3.2G0249500	GO:0006355
BdiBd21-3.2G0249500	GO:0005634
BdiBd21-3.2G0249500	GO:0003700
BdiBd21-3.2G0250800	GO:0055114
BdiBd21-3.2G0250800	GO:0016491
BdiBd21-3.2G0250800	GO:0050664
BdiBd21-3.2G0250800	GO:0004601
BdiBd21-3.2G0252000	GO:0016758
BdiBd21-3.2G0252000	GO:0008152
BdiBd21-3.2G0253900	GO:0005515
BdiBd21-3.2G0253900	GO:0006468
BdiBd21-3.2G0253900	GO:0004672
BdiBd21-3.2G0260200	GO:0016758
BdiBd21-3.2G0260200	GO:0008152
BdiBd21-3.2G0262200	GO:0055114
BdiBd21-3.2G0262200	GO:0020037
BdiBd21-3.2G0262200	GO:0016705
BdiBd21-3.2G0262200	GO:0005506
BdiBd21-3.2G0263900	GO:0006508
BdiBd21-3.2G0263900	GO:0004190
BdiBd21-3.2G0267400	GO:0003697
BdiBd21-3.2G0267400	GO:0006260
BdiBd21-3.2G0268400	GO:0015979
BdiBd21-3.2G0268400	GO:0009523
BdiBd21-3.2G0268400	GO:0009507
BdiBd21-3.2G0268600	GO:0016301
BdiBd21-3.2G0268600	GO:0005524
BdiBd21-3.2G0271900	GO:0004674
BdiBd21-3.2G0271900	GO:0048544
BdiBd21-3.2G0271900	GO:0006468
BdiBd21-3.2G0271900	GO:0004672
BdiBd21-3.2G0272200	GO:0016491
BdiBd21-3.2G0281200	GO:0003924
BdiBd21-3.2G0281200	GO:0007017
BdiBd21-3.2G0281200	GO:0005874
BdiBd21-3.2G0290700	GO:0006468
BdiBd21-3.2G0290700	GO:0005524
BdiBd21-3.2G0290700	GO:0004672
BdiBd21-3.2G0292900	GO:0005515
BdiBd21-3.2G0293100	GO:0005515
BdiBd21-3.2G0293100	GO:0016567
BdiBd21-3.2G0293100	GO:0004842
BdiBd21-3.2G0295400	GO:0055085
BdiBd21-3.2G0295400	GO:0046873
BdiBd21-3.2G0295400	GO:0030001
BdiBd21-3.2G0295400	GO:0016020
BdiBd21-3.2G0295500	GO:0055085
BdiBd21-3.2G0295500	GO:0046873
BdiBd21-3.2G0295500	GO:0030001
BdiBd21-3.2G0295500	GO:0016020
BdiBd21-3.2G0297500	GO:0008270
BdiBd21-3.2G0297500	GO:0005515
BdiBd21-3.2G0312700	GO:0055085
BdiBd21-3.2G0312700	GO:0022857
BdiBd21-3.2G0312700	GO:0016021
BdiBd21-3.2G0331500	GO:0016021
BdiBd21-3.2G0331500	GO:0006952
BdiBd21-3.2G0335100	GO:0071949
BdiBd21-3.2G0336000	GO:0016787
BdiBd21-3.2G0336000	GO:0008152
BdiBd21-3.2G0337000	GO:0008152
BdiBd21-3.2G0337000	GO:0003824
BdiBd21-3.2G0337000	GO:0016114
BdiBd21-3.2G0337000	GO:0008661
BdiBd21-3.2G0340000	GO:0016772
BdiBd21-3.2G0340000	GO:0016310
BdiBd21-3.2G0340000	GO:0016301
BdiBd21-3.2G0340000	GO:0005524
BdiBd21-3.2G0340000	GO:0050242
BdiBd21-3.2G0340000	GO:0006090
BdiBd21-3.2G0341600	GO:0006508
BdiBd21-3.2G0341600	GO:0004190
BdiBd21-3.2G0357000	GO:0005525
BdiBd21-3.2G0358000	GO:0055085
BdiBd21-3.2G0358000	GO:0016021
BdiBd21-3.2G0358000	GO:0015299
BdiBd21-3.2G0358000	GO:0006812
BdiBd21-3.2G0358200	GO:0055114
BdiBd21-3.2G0358200	GO:0020037
BdiBd21-3.2G0358200	GO:0016705
BdiBd21-3.2G0358200	GO:0005506
BdiBd21-3.2G0358400	GO:0005544
BdiBd21-3.2G0358400	GO:0005509
BdiBd21-3.2G0360000	GO:0050662
BdiBd21-3.2G0360000	GO:0003824
BdiBd21-3.2G0360200	GO:0006468
BdiBd21-3.2G0360200	GO:0005524
BdiBd21-3.2G0360200	GO:0004672
BdiBd21-3.2G0365200	GO:0016149
BdiBd21-3.2G0365200	GO:0006415
BdiBd21-3.2G0365200	GO:0005737
BdiBd21-3.2G0370400	GO:0030975
BdiBd21-3.2G0370400	GO:0009229
BdiBd21-3.2G0370400	GO:0005524
BdiBd21-3.2G0370400	GO:0004788
BdiBd21-3.2G0371400	GO:0005975
BdiBd21-3.2G0371400	GO:0004553
BdiBd21-3.2G0371800	GO:0055114
BdiBd21-3.2G0371800	GO:0020037
BdiBd21-3.2G0371800	GO:0016705
BdiBd21-3.2G0371800	GO:0005506
BdiBd21-3.2G0373400	GO:0055114
BdiBd21-3.2G0373400	GO:0016616
BdiBd21-3.2G0373400	GO:0006694
BdiBd21-3.2G0373400	GO:0003854
BdiBd21-3.2G0375300	GO:0003824
BdiBd21-3.2G0375300	GO:0006470
BdiBd21-3.2G0375300	GO:0004722
BdiBd21-3.2G0376500	GO:0006412
BdiBd21-3.2G0376500	GO:0005840
BdiBd21-3.2G0376500	GO:0003735
BdiBd21-3.2G0396000	GO:0055114
BdiBd21-3.2G0396000	GO:0020037
BdiBd21-3.2G0396000	GO:0016705
BdiBd21-3.2G0396000	GO:0005506
BdiBd21-3.2G0407200	GO:0006468
BdiBd21-3.2G0407200	GO:0004672
BdiBd21-3.2G0409300	GO:0008270
BdiBd21-3.2G0409300	GO:0005622
BdiBd21-3.2G0415300	GO:0006096
BdiBd21-3.2G0415300	GO:0003872
BdiBd21-3.2G0417400	GO:0055114
BdiBd21-3.2G0417400	GO:0004471
BdiBd21-3.2G0417400	GO:0051287
BdiBd21-3.2G0418600	GO:0043565
BdiBd21-3.2G0418600	GO:0006355
BdiBd21-3.2G0418600	GO:0003700
BdiBd21-3.2G0421900	GO:0016747
BdiBd21-3.2G0423300	GO:0016758
BdiBd21-3.2G0423300	GO:0008152
BdiBd21-3.2G0423400	GO:0016758
BdiBd21-3.2G0423400	GO:0008152
BdiBd21-3.2G0423600	GO:0016758
BdiBd21-3.2G0423600	GO:0008152
BdiBd21-3.2G0431400	GO:0048544
BdiBd21-3.2G0431400	GO:0006468
BdiBd21-3.2G0431400	GO:0005524
BdiBd21-3.2G0431400	GO:0004672
BdiBd21-3.2G0442500	GO:0006629
BdiBd21-3.2G0442600	GO:0006629
BdiBd21-3.2G0449700	GO:0055114
BdiBd21-3.2G0449700	GO:0016491
BdiBd21-3.2G0450800	GO:0005515
BdiBd21-3.2G0466600	GO:0016747
BdiBd21-3.2G0472100	GO:0005622
BdiBd21-3.2G0472100	GO:0003779
BdiBd21-3.2G0472100	GO:0030042
BdiBd21-3.2G0472100	GO:0015629
BdiBd21-3.2G0472400	GO:0006796
BdiBd21-3.2G0472400	GO:0005737
BdiBd21-3.2G0472400	GO:0004427
BdiBd21-3.2G0472400	GO:0000287
BdiBd21-3.2G0486200	GO:0006468
BdiBd21-3.2G0486200	GO:0005524
BdiBd21-3.2G0486200	GO:0004672
BdiBd21-3.2G0500700	GO:0009611
BdiBd21-3.2G0500700	GO:0004867
BdiBd21-3.2G0502000	GO:0006396
BdiBd21-3.2G0502000	GO:0009982
BdiBd21-3.2G0502000	GO:0009451
BdiBd21-3.2G0502000	GO:0003723
BdiBd21-3.2G0502000	GO:0001522
BdiBd21-3.2G0506000	GO:0030170
BdiBd21-3.2G0506000	GO:0009058
BdiBd21-3.2G0508200	GO:0006457
BdiBd21-3.2G0508200	GO:0003755
BdiBd21-3.2G0508200	GO:0000413
BdiBd21-3.2G0509400	GO:0006412
BdiBd21-3.2G0509400	GO:0005840
BdiBd21-3.2G0509400	GO:0005622
BdiBd21-3.2G0509400	GO:0003735
BdiBd21-3.2G0513600	GO:0008176
BdiBd21-3.2G0513600	GO:0006400
BdiBd21-3.2G0516100	GO:0016021
BdiBd21-3.2G0516100	GO:0016020
BdiBd21-3.2G0516100	GO:0022857
BdiBd21-3.2G0517400	GO:0055085
BdiBd21-3.2G0517400	GO:0016021
BdiBd21-3.2G0518100	GO:0005515
BdiBd21-3.2G0521000	GO:0007017
BdiBd21-3.2G0521000	GO:0005875
BdiBd21-3.2G0521100	GO:0042586
BdiBd21-3.2G0521100	GO:0005506
BdiBd21-3.2G0521300	GO:0016020
BdiBd21-3.2G0521300	GO:0006810
BdiBd21-3.2G0521300	GO:0005215
BdiBd21-3.2G0527300	GO:0006412
BdiBd21-3.2G0527300	GO:0005840
BdiBd21-3.2G0527300	GO:0005622
BdiBd21-3.2G0527300	GO:0003735
BdiBd21-3.2G0529400	GO:0046983
BdiBd21-3.2G0532600	GO:0016705
BdiBd21-3.2G0532600	GO:0016117
BdiBd21-3.2G0535000	GO:0043565
BdiBd21-3.2G0535000	GO:0006355
BdiBd21-3.2G0535000	GO:0003700
BdiBd21-3.2G0538300	GO:0005515
BdiBd21-3.2G0539800	GO:0055114
BdiBd21-3.2G0539800	GO:0016491
BdiBd21-3.2G0539800	GO:0008152
BdiBd21-3.2G0547500	GO:0005524
BdiBd21-3.2G0549300	GO:0005975
BdiBd21-3.2G0549300	GO:0004553
BdiBd21-3.2G0549400	GO:0055085
BdiBd21-3.2G0549400	GO:0016020
BdiBd21-3.2G0549400	GO:0006810
BdiBd21-3.2G0549400	GO:0015171
BdiBd21-3.2G0549400	GO:0003333
BdiBd21-3.2G0550500	GO:0016887
BdiBd21-3.2G0550500	GO:0005524
BdiBd21-3.2G0550500	GO:0016020
BdiBd21-3.2G0557400	GO:0016787
BdiBd21-3.2G0557400	GO:0005524
BdiBd21-3.2G0557400	GO:0003677
BdiBd21-3.2G0561400	GO:0009378
BdiBd21-3.2G0561400	GO:0006310
BdiBd21-3.2G0561400	GO:0006281
BdiBd21-3.2G0563400	GO:0055114
BdiBd21-3.2G0563400	GO:0020037
BdiBd21-3.2G0563400	GO:0016705
BdiBd21-3.2G0563400	GO:0005506
BdiBd21-3.2G0563500	GO:0055114
BdiBd21-3.2G0563500	GO:0020037
BdiBd21-3.2G0563500	GO:0016705
BdiBd21-3.2G0563500	GO:0005506
BdiBd21-3.2G0563700	GO:0055114
BdiBd21-3.2G0563700	GO:0020037
BdiBd21-3.2G0563700	GO:0016705
BdiBd21-3.2G0563700	GO:0005506
BdiBd21-3.2G0563900	GO:0055114
BdiBd21-3.2G0563900	GO:0020037
BdiBd21-3.2G0563900	GO:0016705
BdiBd21-3.2G0563900	GO:0005506
BdiBd21-3.2G0565000	GO:0043565
BdiBd21-3.2G0565000	GO:0006355
BdiBd21-3.2G0565000	GO:0003700
BdiBd21-3.2G0570100	GO:0055114
BdiBd21-3.2G0570100	GO:0016616
BdiBd21-3.2G0570100	GO:0006694
BdiBd21-3.2G0570100	GO:0003854
BdiBd21-3.2G0571000	GO:0008270
BdiBd21-3.2G0571000	GO:0004089
BdiBd21-3.2G0575000	GO:0016021
BdiBd21-3.2G0575000	GO:0006810
BdiBd21-3.2G0575000	GO:0005524
BdiBd21-3.2G0575000	GO:0005471
BdiBd21-3.2G0576300	GO:0016788
BdiBd21-3.2G0579400	GO:0008152
BdiBd21-3.2G0579400	GO:0003824
BdiBd21-3.2G0580500	GO:0055085
BdiBd21-3.2G0580500	GO:0016021
BdiBd21-3.2G0581700	GO:0005975
BdiBd21-3.2G0581700	GO:0004553
BdiBd21-3.2G0583400	GO:0006412
BdiBd21-3.2G0583400	GO:0003735
BdiBd21-3.2G0588000	GO:0045454
BdiBd21-3.2G0588000	GO:0015035
BdiBd21-3.2G0588000	GO:0009055
BdiBd21-3.2G0595700	GO:0045017
BdiBd21-3.2G0595700	GO:0004144
BdiBd21-3.2G0597200	GO:0055085
BdiBd21-3.2G0597200	GO:0016020
BdiBd21-3.2G0597200	GO:0015297
BdiBd21-3.2G0597200	GO:0015238
BdiBd21-3.2G0597200	GO:0006855
BdiBd21-3.2G0600000	GO:0030247
BdiBd21-3.2G0600100	GO:0030247
BdiBd21-3.2G0601500	GO:0005515
BdiBd21-3.2G0602700	GO:0008061
BdiBd21-3.2G0602700	GO:0016998
BdiBd21-3.2G0602700	GO:0006032
BdiBd21-3.2G0602700	GO:0004568
BdiBd21-3.2G0603300	GO:0005515
BdiBd21-3.2G0603300	GO:0006468
BdiBd21-3.2G0603300	GO:0004672
BdiBd21-3.2G0604500	GO:0008299
BdiBd21-3.2G0604700	GO:0016887
BdiBd21-3.2G0604700	GO:0005524
BdiBd21-3.2G0604700	GO:0055085
BdiBd21-3.2G0604700	GO:0042626
BdiBd21-3.2G0604700	GO:0016021
BdiBd21-3.2G0604700	GO:0006810
BdiBd21-3.2G0604800	GO:0016887
BdiBd21-3.2G0604800	GO:0005524
BdiBd21-3.2G0604800	GO:0055085
BdiBd21-3.2G0604800	GO:0042626
BdiBd21-3.2G0604800	GO:0016021
BdiBd21-3.2G0604800	GO:0006810
BdiBd21-3.2G0605400	GO:0016887
BdiBd21-3.2G0605400	GO:0005524
BdiBd21-3.2G0605400	GO:0055085
BdiBd21-3.2G0605400	GO:0042626
BdiBd21-3.2G0605400	GO:0016021
BdiBd21-3.2G0605400	GO:0006810
BdiBd21-3.2G0607400	GO:0006468
BdiBd21-3.2G0607400	GO:0005524
BdiBd21-3.2G0607400	GO:0004672
BdiBd21-3.2G0608200	GO:0008168
BdiBd21-3.2G0608900	GO:0008299
BdiBd21-3.2G0614200	GO:0055114
BdiBd21-3.2G0614200	GO:0006546
BdiBd21-3.2G0614200	GO:0004375
BdiBd21-3.2G0614400	GO:0008168
BdiBd21-3.2G0614400	GO:0008152
BdiBd21-3.2G0615100	GO:0043565
BdiBd21-3.2G0615100	GO:0006355
BdiBd21-3.2G0615100	GO:0003700
BdiBd21-3.2G0618100	GO:0016021
BdiBd21-3.2G0618100	GO:0015116
BdiBd21-3.2G0618100	GO:0008272
BdiBd21-3.2G0618100	GO:0055085
BdiBd21-3.2G0618100	GO:0016020
BdiBd21-3.2G0618100	GO:0008271
BdiBd21-3.2G0618100	GO:1902358
BdiBd21-3.2G0620000	GO:0055114
BdiBd21-3.2G0620000	GO:0020037
BdiBd21-3.2G0620000	GO:0016705
BdiBd21-3.2G0620000	GO:0005506
BdiBd21-3.2G0621400	GO:0009116
BdiBd21-3.2G0622300	GO:0005515
BdiBd21-3.2G0627400	GO:0016758
BdiBd21-3.2G0627400	GO:0008152
BdiBd21-3.2G0628000	GO:0016758
BdiBd21-3.2G0628000	GO:0008152
BdiBd21-3.2G0630200	GO:0008138
BdiBd21-3.2G0630200	GO:0006470
BdiBd21-3.2G0630300	GO:0006364
BdiBd21-3.2G0630300	GO:0004222
BdiBd21-3.2G0630700	GO:0005975
BdiBd21-3.2G0630700	GO:0004553
BdiBd21-3.2G0632400	GO:0005515
BdiBd21-3.2G0632400	GO:0006468
BdiBd21-3.2G0632400	GO:0004672
BdiBd21-3.2G0633200	GO:0006418
BdiBd21-3.2G0633200	GO:0005524
BdiBd21-3.2G0633200	GO:0004812
BdiBd21-3.2G0633200	GO:0000166
BdiBd21-3.2G0633200	GO:0006436
BdiBd21-3.2G0633200	GO:0005737
BdiBd21-3.2G0633200	GO:0004830
BdiBd21-3.2G0633800	GO:0005515
BdiBd21-3.2G0633800	GO:0008017
BdiBd21-3.2G0633800	GO:0007018
BdiBd21-3.2G0633800	GO:0005524
BdiBd21-3.2G0633800	GO:0003777
BdiBd21-3.2G0633800	GO:0005871
BdiBd21-3.2G0634900	GO:0016887
BdiBd21-3.2G0634900	GO:0005524
BdiBd21-3.2G0634900	GO:0019538
BdiBd21-3.2G0637600	GO:0006412
BdiBd21-3.2G0637600	GO:0005840
BdiBd21-3.2G0637600	GO:0003735
BdiBd21-3.2G0639600	GO:0008152
BdiBd21-3.2G0639600	GO:0003824
BdiBd21-3.2G0658100	GO:0006508
BdiBd21-3.2G0658100	GO:0004252
BdiBd21-3.2G0659600	GO:0006468
BdiBd21-3.2G0659600	GO:0005524
BdiBd21-3.2G0659600	GO:0004672
BdiBd21-3.2G0663500	GO:0048544
BdiBd21-3.2G0663500	GO:0006468
BdiBd21-3.2G0663500	GO:0004672
BdiBd21-3.2G0664400	GO:0048544
BdiBd21-3.2G0664400	GO:0006468
BdiBd21-3.2G0664400	GO:0004672
BdiBd21-3.2G0664900	GO:0004674
BdiBd21-3.2G0664900	GO:0048544
BdiBd21-3.2G0664900	GO:0006468
BdiBd21-3.2G0664900	GO:0004672
BdiBd21-3.2G0666300	GO:0055114
BdiBd21-3.2G0666300	GO:0020037
BdiBd21-3.2G0666300	GO:0006979
BdiBd21-3.2G0666300	GO:0004601
BdiBd21-3.2G0668300	GO:0055114
BdiBd21-3.2G0668300	GO:0004097
BdiBd21-3.2G0668300	GO:0016491
BdiBd21-3.2G0668300	GO:0008152
BdiBd21-3.2G0671700	GO:0016787
BdiBd21-3.2G0674800	GO:0006412
BdiBd21-3.2G0674800	GO:0005840
BdiBd21-3.2G0674800	GO:0005622
BdiBd21-3.2G0674800	GO:0003735
BdiBd21-3.2G0675200	GO:0016758
BdiBd21-3.2G0675200	GO:0008152
BdiBd21-3.2G0677000	GO:0006468
BdiBd21-3.2G0677000	GO:0004672
BdiBd21-3.2G0684100	GO:0055114
BdiBd21-3.2G0684100	GO:0020037
BdiBd21-3.2G0684100	GO:0016705
BdiBd21-3.2G0684100	GO:0005506
BdiBd21-3.2G0686500	GO:0045893
BdiBd21-3.2G0686500	GO:0008270
BdiBd21-3.2G0686500	GO:0005634
BdiBd21-3.2G0686500	GO:0003677
BdiBd21-3.2G0688100	GO:0043565
BdiBd21-3.2G0688100	GO:0006355
BdiBd21-3.2G0688100	GO:0003700
BdiBd21-3.2G0694800	GO:0016887
BdiBd21-3.2G0694800	GO:0005524
BdiBd21-3.2G0694800	GO:0016020
BdiBd21-3.2G0701000	GO:0003824
BdiBd21-3.2G0701000	GO:0006470
BdiBd21-3.2G0701000	GO:0004722
BdiBd21-3.2G0702500	GO:0055114
BdiBd21-3.2G0702500	GO:0016491
BdiBd21-3.2G0702500	GO:0008152
BdiBd21-3.2G0705400	GO:0042578
BdiBd21-3.2G0705400	GO:0042132
BdiBd21-3.2G0705400	GO:0005975
BdiBd21-3.2G0706800	GO:0016747
BdiBd21-3.2G0721000	GO:0008234
BdiBd21-3.2G0721000	GO:0006508
BdiBd21-3.2G0722500	GO:0003824
BdiBd21-3.2G0722500	GO:0003677
BdiBd21-3.2G0722700	GO:0016740
BdiBd21-3.2G0723500	GO:0005515
BdiBd21-3.2G0725200	GO:0005515
BdiBd21-3.2G0725200	GO:0006468
BdiBd21-3.2G0725200	GO:0005524
BdiBd21-3.2G0725200	GO:0004672
BdiBd21-3.2G0730200	GO:0016021
BdiBd21-3.2G0731900	GO:0055085
BdiBd21-3.2G0731900	GO:0016020
BdiBd21-3.2G0731900	GO:0015297
BdiBd21-3.2G0731900	GO:0015238
BdiBd21-3.2G0731900	GO:0006855
BdiBd21-3.2G0734300	GO:0055114
BdiBd21-3.2G0734300	GO:0016491
BdiBd21-3.2G0734300	GO:0008270
BdiBd21-3.2G0734500	GO:0005515
BdiBd21-3.2G0735500	GO:0015031
BdiBd21-3.2G0735500	GO:0006457
BdiBd21-3.2G0736000	GO:0051082
BdiBd21-3.2G0736000	GO:0006457
BdiBd21-3.2G0736000	GO:0005783
BdiBd21-3.2G0736000	GO:0005509
BdiBd21-3.2G0741400	GO:0016020
BdiBd21-3.2G0741400	GO:0006810
BdiBd21-3.2G0741400	GO:0005215
BdiBd21-3.2G0743400	GO:0016757
BdiBd21-3.2G0747400	GO:0016887
BdiBd21-3.2G0747400	GO:0005524
BdiBd21-3.2G0747400	GO:0055085
BdiBd21-3.2G0747400	GO:0042626
BdiBd21-3.2G0747400	GO:0016021
BdiBd21-3.2G0747400	GO:0006810
BdiBd21-3.2G0748100	GO:0045454
BdiBd21-3.2G0748100	GO:0015035
BdiBd21-3.2G0748100	GO:0006662
BdiBd21-3.2G0751200	GO:0008430
BdiBd21-3.2G0752400	GO:0046872
BdiBd21-3.2G0753800	GO:0016157
BdiBd21-3.2G0753800	GO:0005985
BdiBd21-3.2G0763500	GO:0071805
BdiBd21-3.2G0763500	GO:0016020
BdiBd21-3.2G0763500	GO:0015079
BdiBd21-3.2G0764900	GO:0030975
BdiBd21-3.2G0764900	GO:0009229
BdiBd21-3.2G0764900	GO:0005524
BdiBd21-3.2G0764900	GO:0004788
BdiBd21-3.2G0766300	GO:0005515
BdiBd21-3.2G0766400	GO:0005515
BdiBd21-3.2G0767500	GO:0019898
BdiBd21-3.2G0767500	GO:0015979
BdiBd21-3.2G0767500	GO:0009654
BdiBd21-3.2G0767500	GO:0009523
BdiBd21-3.2G0767500	GO:0005509
BdiBd21-3.2G0774000	GO:0005975
BdiBd21-3.2G0774000	GO:0004553
BdiBd21-3.2G0775100	GO:0005975
BdiBd21-3.2G0775100	GO:0004553
BdiBd21-3.2G0778500	GO:0055114
BdiBd21-3.2G0778500	GO:0050897
BdiBd21-3.2G0778500	GO:0016636
BdiBd21-3.2G0778500	GO:0010024
BdiBd21-3.2G0778600	GO:0005509
BdiBd21-3.2G0779900	GO:0005515
BdiBd21-3.2G0781500	GO:0016747
BdiBd21-3.2G0781600	GO:0016747
BdiBd21-3.2G0789800	GO:0055114
BdiBd21-3.2G0789800	GO:0010277
BdiBd21-3.2G0789800	GO:0051537
BdiBd21-3.2G0789800	GO:0016491
BdiBd21-3.2G0791000	GO:0045454
BdiBd21-3.2G0791000	GO:0015035
BdiBd21-3.2G0791000	GO:0006662
BdiBd21-3.2G0791200	GO:0006950
BdiBd21-3.2G0793300	GO:0005515
BdiBd21-3.2G0800600	GO:0051536
BdiBd21-3.2G0800600	GO:0003824
BdiBd21-3.2G0800600	GO:0008173
BdiBd21-3.2G0800600	GO:0006364
BdiBd21-3.2G0800600	GO:0005737
BdiBd21-3.2G0803500	GO:0016020
BdiBd21-3.2G0803500	GO:0006810
BdiBd21-3.2G0803500	GO:0005215
BdiBd21-3.3G0009900	GO:0004575
BdiBd21-3.3G0009900	GO:0004564
BdiBd21-3.3G0013700	GO:0005509
BdiBd21-3.3G0013700	GO:0030247
BdiBd21-3.3G0013700	GO:0006468
BdiBd21-3.3G0013700	GO:0005524
BdiBd21-3.3G0013700	GO:0004672
BdiBd21-3.3G0013800	GO:0005509
BdiBd21-3.3G0013800	GO:0030247
BdiBd21-3.3G0013800	GO:0006468
BdiBd21-3.3G0013800	GO:0005524
BdiBd21-3.3G0013800	GO:0004672
BdiBd21-3.3G0013900	GO:0030247
BdiBd21-3.3G0013900	GO:0006468
BdiBd21-3.3G0013900	GO:0005524
BdiBd21-3.3G0013900	GO:0004672
BdiBd21-3.3G0014000	GO:0030247
BdiBd21-3.3G0014000	GO:0006468
BdiBd21-3.3G0014000	GO:0005524
BdiBd21-3.3G0014000	GO:0004672
BdiBd21-3.3G0016000	GO:0016746
BdiBd21-3.3G0016000	GO:0008152
BdiBd21-3.3G0017100	GO:0005515
BdiBd21-3.3G0017200	GO:0003676
BdiBd21-3.3G0019100	GO:0016020
BdiBd21-3.3G0019100	GO:0004970
BdiBd21-3.3G0021000	GO:0005515
BdiBd21-3.3G0021300	GO:0016780
BdiBd21-3.3G0021300	GO:0016020
BdiBd21-3.3G0021300	GO:0008654
BdiBd21-3.3G0034800	GO:0016788
BdiBd21-3.3G0034800	GO:0006886
BdiBd21-3.3G0034800	GO:0006505
BdiBd21-3.3G0035000	GO:0009236
BdiBd21-3.3G0035000	GO:0003824
BdiBd21-3.3G0037500	GO:0009058
BdiBd21-3.3G0037500	GO:0003824
BdiBd21-3.3G0040500	GO:0006412
BdiBd21-3.3G0040500	GO:0005840
BdiBd21-3.3G0040500	GO:0005622
BdiBd21-3.3G0040500	GO:0003735
BdiBd21-3.3G0047300	GO:0005515
BdiBd21-3.3G0057200	GO:0030246
BdiBd21-3.3G0057200	GO:0005975
BdiBd21-3.3G0061500	GO:0055114
BdiBd21-3.3G0061500	GO:0020037
BdiBd21-3.3G0061500	GO:0016705
BdiBd21-3.3G0061500	GO:0005506
BdiBd21-3.3G0068600	GO:0005515
BdiBd21-3.3G0070700	GO:0008168
BdiBd21-3.3G0072000	GO:0055085
BdiBd21-3.3G0072000	GO:0008324
BdiBd21-3.3G0072000	GO:0006812
BdiBd21-3.3G0074600	GO:0008152
BdiBd21-3.3G0074600	GO:0003824
BdiBd21-3.3G0075800	GO:0055114
BdiBd21-3.3G0075800	GO:0016491
BdiBd21-3.3G0077000	GO:0003676
BdiBd21-3.3G0077000	GO:0006414
BdiBd21-3.3G0077000	GO:0005622
BdiBd21-3.3G0077000	GO:0003746
BdiBd21-3.3G0078900	GO:0043565
BdiBd21-3.3G0078900	GO:0006355
BdiBd21-3.3G0078900	GO:0003700
BdiBd21-3.3G0079800	GO:0016887
BdiBd21-3.3G0079800	GO:0005524
BdiBd21-3.3G0079800	GO:0019538
BdiBd21-3.3G0081400	GO:0006508
BdiBd21-3.3G0081400	GO:0004185
BdiBd21-3.3G0081500	GO:0055114
BdiBd21-3.3G0081500	GO:0020037
BdiBd21-3.3G0081500	GO:0016705
BdiBd21-3.3G0081500	GO:0005506
BdiBd21-3.3G0082900	GO:0055114
BdiBd21-3.3G0082900	GO:0020037
BdiBd21-3.3G0082900	GO:0016705
BdiBd21-3.3G0082900	GO:0005506
BdiBd21-3.3G0083000	GO:0055114
BdiBd21-3.3G0083000	GO:0020037
BdiBd21-3.3G0083000	GO:0016705
BdiBd21-3.3G0083000	GO:0005506
BdiBd21-3.3G0084500	GO:0055114
BdiBd21-3.3G0084500	GO:0016491
BdiBd21-3.3G0084500	GO:0008270
BdiBd21-3.3G0084700	GO:0016758
BdiBd21-3.3G0084700	GO:0008152
BdiBd21-3.3G0085400	GO:0006412
BdiBd21-3.3G0085400	GO:0005840
BdiBd21-3.3G0085400	GO:0003735
BdiBd21-3.3G0086400	GO:0016887
BdiBd21-3.3G0086400	GO:0005524
BdiBd21-3.3G0086400	GO:0055085
BdiBd21-3.3G0086400	GO:0042626
BdiBd21-3.3G0086400	GO:0016021
BdiBd21-3.3G0086400	GO:0006810
BdiBd21-3.3G0086600	GO:0005515
BdiBd21-3.3G0086600	GO:0006468
BdiBd21-3.3G0086600	GO:0004672
BdiBd21-3.3G0088700	GO:0055114
BdiBd21-3.3G0088700	GO:0016491
BdiBd21-3.3G0088700	GO:0016209
BdiBd21-3.3G0089000	GO:0055114
BdiBd21-3.3G0089000	GO:0020037
BdiBd21-3.3G0089000	GO:0016705
BdiBd21-3.3G0089000	GO:0005506
BdiBd21-3.3G0094100	GO:0009072
BdiBd21-3.3G0094100	GO:0004334
BdiBd21-3.3G0094100	GO:0008152
BdiBd21-3.3G0094100	GO:0003824
BdiBd21-3.3G0094300	GO:0016021
BdiBd21-3.3G0094300	GO:0006952
BdiBd21-3.3G0100500	GO:0043565
BdiBd21-3.3G0100500	GO:0006355
BdiBd21-3.3G0100500	GO:0003700
BdiBd21-3.3G0102900	GO:0016758
BdiBd21-3.3G0102900	GO:0008152
BdiBd21-3.3G0116300	GO:0006468
BdiBd21-3.3G0116300	GO:0004672
BdiBd21-3.3G0116700	GO:0005515
BdiBd21-3.3G0116700	GO:0006468
BdiBd21-3.3G0116700	GO:0004672
BdiBd21-3.3G0116800	GO:0006355
BdiBd21-3.3G0116800	GO:0005634
BdiBd21-3.3G0118700	GO:0043565
BdiBd21-3.3G0118700	GO:0006355
BdiBd21-3.3G0118700	GO:0005634
BdiBd21-3.3G0118700	GO:0003700
BdiBd21-3.3G0119800	GO:0016020
BdiBd21-3.3G0119800	GO:0006810
BdiBd21-3.3G0119800	GO:0005215
BdiBd21-3.3G0124000	GO:0009055
BdiBd21-3.3G0124100	GO:0009055
BdiBd21-3.3G0124200	GO:0009055
BdiBd21-3.3G0125500	GO:0055085
BdiBd21-3.3G0125500	GO:0016021
BdiBd21-3.3G0128100	GO:0016788
BdiBd21-3.3G0132000	GO:0005840
BdiBd21-3.3G0134300	GO:0005524
BdiBd21-3.3G0134300	GO:0005515
BdiBd21-3.3G0135000	GO:0016020
BdiBd21-3.3G0135000	GO:0008236
BdiBd21-3.3G0135000	GO:0006508
BdiBd21-3.3G0136200	GO:0006508
BdiBd21-3.3G0136200	GO:0004252
BdiBd21-3.3G0137700	GO:0006886
BdiBd21-3.3G0137700	GO:0005622
BdiBd21-3.3G0143400	GO:0005525
BdiBd21-3.3G0146900	GO:0006468
BdiBd21-3.3G0146900	GO:0005524
BdiBd21-3.3G0146900	GO:0004672
BdiBd21-3.3G0146900	GO:0030246
BdiBd21-3.3G0150600	GO:0005515
BdiBd21-3.3G0153000	GO:0006508
BdiBd21-3.3G0153000	GO:0004190
BdiBd21-3.3G0153100	GO:0055114
BdiBd21-3.3G0153100	GO:0050661
BdiBd21-3.3G0153100	GO:0033014
BdiBd21-3.3G0153100	GO:0008883
BdiBd21-3.3G0156300	GO:0006468
BdiBd21-3.3G0156300	GO:0005524
BdiBd21-3.3G0156300	GO:0004672
BdiBd21-3.3G0165100	GO:0055114
BdiBd21-3.3G0165100	GO:0016491
BdiBd21-3.3G0165100	GO:0016616
BdiBd21-3.3G0165100	GO:0016615
BdiBd21-3.3G0165100	GO:0006108
BdiBd21-3.3G0171200	GO:0016021
BdiBd21-3.3G0171300	GO:0006281
BdiBd21-3.3G0171300	GO:0004518
BdiBd21-3.3G0171900	GO:0008080
BdiBd21-3.3G0174100	GO:0051536
BdiBd21-3.3G0174100	GO:0009055
BdiBd21-3.3G0174200	GO:0051536
BdiBd21-3.3G0174200	GO:0009055
BdiBd21-3.3G0179500	GO:0006355
BdiBd21-3.3G0179500	GO:0005634
BdiBd21-3.3G0179500	GO:0003700
BdiBd21-3.3G0179500	GO:0046983
BdiBd21-3.3G0179500	GO:0003677
BdiBd21-3.3G0190700	GO:0008152
BdiBd21-3.3G0190700	GO:0003824
BdiBd21-3.3G0194700	GO:0016567
BdiBd21-3.3G0194700	GO:0004842
BdiBd21-3.3G0195700	GO:0016829
BdiBd21-3.3G0195700	GO:0010333
BdiBd21-3.3G0195700	GO:0008152
BdiBd21-3.3G0195700	GO:0000287
BdiBd21-3.3G0195800	GO:0030170
BdiBd21-3.3G0195800	GO:0019752
BdiBd21-3.3G0195800	GO:0016831
BdiBd21-3.3G0195900	GO:0030170
BdiBd21-3.3G0195900	GO:0019752
BdiBd21-3.3G0195900	GO:0016831
BdiBd21-3.3G0196000	GO:0030170
BdiBd21-3.3G0196000	GO:0019752
BdiBd21-3.3G0196000	GO:0016831
BdiBd21-3.3G0196500	GO:0030170
BdiBd21-3.3G0196500	GO:0019752
BdiBd21-3.3G0196500	GO:0016831
BdiBd21-3.3G0197000	GO:0055114
BdiBd21-3.3G0197000	GO:0016491
BdiBd21-3.3G0197600	GO:0006629
BdiBd21-3.3G0200300	GO:0055114
BdiBd21-3.3G0200300	GO:0004097
BdiBd21-3.3G0200300	GO:0016491
BdiBd21-3.3G0200300	GO:0008152
BdiBd21-3.3G0202500	GO:0005515
BdiBd21-3.3G0210200	GO:0016747
BdiBd21-3.3G0214600	GO:0016829
BdiBd21-3.3G0214600	GO:0010333
BdiBd21-3.3G0214600	GO:0008152
BdiBd21-3.3G0214600	GO:0000287
BdiBd21-3.3G0215000	GO:0043531
BdiBd21-3.3G0216600	GO:0055114
BdiBd21-3.3G0216600	GO:0016491
BdiBd21-3.3G0222000	GO:0046983
BdiBd21-3.3G0222000	GO:0008171
BdiBd21-3.3G0223600	GO:0055085
BdiBd21-3.3G0223600	GO:0016021
BdiBd21-3.3G0226900	GO:0016020
BdiBd21-3.3G0226900	GO:0006810
BdiBd21-3.3G0226900	GO:0005215
BdiBd21-3.3G0231600	GO:0055114
BdiBd21-3.3G0231600	GO:0020037
BdiBd21-3.3G0231600	GO:0016705
BdiBd21-3.3G0231600	GO:0005506
BdiBd21-3.3G0234000	GO:0016567
BdiBd21-3.3G0234000	GO:0004842
BdiBd21-3.3G0234000	GO:0005515
BdiBd21-3.3G0235200	GO:0005515
BdiBd21-3.3G0246300	GO:0055114
BdiBd21-3.3G0246300	GO:0016491
BdiBd21-3.3G0246300	GO:0008270
BdiBd21-3.3G0261800	GO:0055114
BdiBd21-3.3G0261800	GO:0016491
BdiBd21-3.3G0261800	GO:0010181
BdiBd21-3.3G0264400	GO:0005515
BdiBd21-3.3G0265900	GO:0016020
BdiBd21-3.3G0265900	GO:0015031
BdiBd21-3.3G0277600	GO:0006468
BdiBd21-3.3G0277600	GO:0004672
BdiBd21-3.3G0285300	GO:0005525
BdiBd21-3.3G0292600	GO:0016758
BdiBd21-3.3G0292600	GO:0008152
BdiBd21-3.3G0297200	GO:0007264
BdiBd21-3.3G0297200	GO:0005525
BdiBd21-3.3G0297600	GO:0005975
BdiBd21-3.3G0297600	GO:0004553
BdiBd21-3.3G0301300	GO:0006508
BdiBd21-3.3G0301300	GO:0004185
BdiBd21-3.3G0301400	GO:0006508
BdiBd21-3.3G0301400	GO:0004185
BdiBd21-3.3G0305000	GO:0006950
BdiBd21-3.3G0305000	GO:0005516
BdiBd21-3.3G0307200	GO:0055114
BdiBd21-3.3G0307200	GO:0016020
BdiBd21-3.3G0307200	GO:0003885
BdiBd21-3.3G0307200	GO:0050660
BdiBd21-3.3G0307200	GO:0016491
BdiBd21-3.3G0308600	GO:0055114
BdiBd21-3.3G0308600	GO:0016491
BdiBd21-3.3G0308600	GO:0005507
BdiBd21-3.3G0314700	GO:0003676
BdiBd21-3.3G0314700	GO:0043039
BdiBd21-3.3G0314700	GO:0016876
BdiBd21-3.3G0314700	GO:0005524
BdiBd21-3.3G0314700	GO:0006419
BdiBd21-3.3G0314700	GO:0004813
BdiBd21-3.3G0314700	GO:0000166
BdiBd21-3.3G0316300	GO:0055085
BdiBd21-3.3G0316300	GO:0016020
BdiBd21-3.3G0316300	GO:0015297
BdiBd21-3.3G0316300	GO:0015238
BdiBd21-3.3G0316300	GO:0006855
BdiBd21-3.3G0316800	GO:0071704
BdiBd21-3.3G0316800	GO:0016868
BdiBd21-3.3G0316800	GO:0005975
BdiBd21-3.3G0317000	GO:0016747
BdiBd21-3.3G0321400	GO:0016747
BdiBd21-3.3G0322900	GO:0005515
BdiBd21-3.3G0344500	GO:0005975
BdiBd21-3.3G0344500	GO:0004553
BdiBd21-3.3G0345600	GO:0055114
BdiBd21-3.3G0345600	GO:0010309
BdiBd21-3.3G0354800	GO:0055114
BdiBd21-3.3G0354800	GO:0020037
BdiBd21-3.3G0354800	GO:0016705
BdiBd21-3.3G0354800	GO:0005506
BdiBd21-3.3G0356800	GO:0016887
BdiBd21-3.3G0356800	GO:0005524
BdiBd21-3.3G0359800	GO:0016021
BdiBd21-3.3G0359800	GO:0015700
BdiBd21-3.3G0359800	GO:0015105
BdiBd21-3.3G0362100	GO:0016887
BdiBd21-3.3G0362100	GO:0005524
BdiBd21-3.3G0362800	GO:0016747
BdiBd21-3.3G0362800	GO:0008152
BdiBd21-3.3G0365100	GO:0005524
BdiBd21-3.3G0369800	GO:0005515
BdiBd21-3.3G0369800	GO:0006468
BdiBd21-3.3G0369800	GO:0005524
BdiBd21-3.3G0369800	GO:0004672
BdiBd21-3.3G0379800	GO:0045454
BdiBd21-3.3G0379800	GO:0015035
BdiBd21-3.3G0379800	GO:0009055
BdiBd21-3.3G0379800	GO:0035556
BdiBd21-3.3G0380900	GO:0055114
BdiBd21-3.3G0380900	GO:0050660
BdiBd21-3.3G0380900	GO:0016491
BdiBd21-3.3G0380900	GO:0019139
BdiBd21-3.3G0380900	GO:0009690
BdiBd21-3.3G0381700	GO:0030170
BdiBd21-3.3G0392100	GO:0055114
BdiBd21-3.3G0392100	GO:0016491
BdiBd21-3.3G0395400	GO:0055114
BdiBd21-3.3G0395400	GO:0050661
BdiBd21-3.3G0395400	GO:0033014
BdiBd21-3.3G0395400	GO:0008883
BdiBd21-3.3G0396300	GO:0016747
BdiBd21-3.3G0400700	GO:0006468
BdiBd21-3.3G0400700	GO:0005524
BdiBd21-3.3G0400700	GO:0004672
BdiBd21-3.3G0401400	GO:0016020
BdiBd21-3.3G0401400	GO:0006810
BdiBd21-3.3G0401400	GO:0005215
BdiBd21-3.3G0401900	GO:0055114
BdiBd21-3.3G0401900	GO:0020037
BdiBd21-3.3G0401900	GO:0016705
BdiBd21-3.3G0401900	GO:0005506
BdiBd21-3.3G0414000	GO:0005515
BdiBd21-3.3G0427500	GO:0008270
BdiBd21-3.3G0427500	GO:0005515
BdiBd21-3.3G0429200	GO:0016874
BdiBd21-3.3G0429200	GO:0009058
BdiBd21-3.3G0429200	GO:0005524
BdiBd21-3.3G0433900	GO:0046983
BdiBd21-3.3G0436900	GO:0055085
BdiBd21-3.3G0436900	GO:0016021
BdiBd21-3.3G0440300	GO:0009073
BdiBd21-3.3G0440300	GO:0003849
BdiBd21-3.3G0442500	GO:0006457
BdiBd21-3.3G0442500	GO:0005737
BdiBd21-3.3G0444300	GO:0030955
BdiBd21-3.3G0444300	GO:0006096
BdiBd21-3.3G0444300	GO:0004743
BdiBd21-3.3G0444300	GO:0000287
BdiBd21-3.3G0453300	GO:0016020
BdiBd21-3.3G0453300	GO:0006810
BdiBd21-3.3G0453300	GO:0005215
BdiBd21-3.3G0457500	GO:0043565
BdiBd21-3.3G0457500	GO:0006355
BdiBd21-3.3G0457500	GO:0003700
BdiBd21-3.3G0459600	GO:0055114
BdiBd21-3.3G0459600	GO:0016491
BdiBd21-3.3G0459600	GO:0008270
BdiBd21-3.3G0462800	GO:0046872
BdiBd21-3.3G0462800	GO:0030001
BdiBd21-3.3G0464900	GO:0016887
BdiBd21-3.3G0464900	GO:0005524
BdiBd21-3.3G0464900	GO:0016021
BdiBd21-3.3G0464900	GO:0006810
BdiBd21-3.3G0464900	GO:0005215
BdiBd21-3.3G0465100	GO:0016887
BdiBd21-3.3G0465100	GO:0005524
BdiBd21-3.3G0465100	GO:0016021
BdiBd21-3.3G0465100	GO:0006810
BdiBd21-3.3G0465100	GO:0005215
BdiBd21-3.3G0481400	GO:0030163
BdiBd21-3.3G0484100	GO:0006355
BdiBd21-3.3G0484100	GO:0003700
BdiBd21-3.3G0484100	GO:0007275
BdiBd21-3.3G0484900	GO:0050662
BdiBd21-3.3G0484900	GO:0003824
BdiBd21-3.3G0485300	GO:0006629
BdiBd21-3.3G0485400	GO:0055114
BdiBd21-3.3G0485400	GO:0016491
BdiBd21-3.3G0485400	GO:0008152
BdiBd21-3.3G0486500	GO:0006096
BdiBd21-3.3G0486500	GO:0003872
BdiBd21-3.3G0488200	GO:0055114
BdiBd21-3.3G0488200	GO:0016616
BdiBd21-3.3G0488200	GO:0006694
BdiBd21-3.3G0488200	GO:0003854
BdiBd21-3.3G0488200	GO:0019752
BdiBd21-3.3G0490900	GO:0008152
BdiBd21-3.3G0490900	GO:0003824
BdiBd21-3.3G0497100	GO:0055114
BdiBd21-3.3G0497100	GO:0050660
BdiBd21-3.3G0497100	GO:0016491
BdiBd21-3.3G0497100	GO:0019139
BdiBd21-3.3G0497100	GO:0009690
BdiBd21-3.3G0498800	GO:0055114
BdiBd21-3.3G0498800	GO:0020037
BdiBd21-3.3G0498800	GO:0016705
BdiBd21-3.3G0498800	GO:0005506
BdiBd21-3.3G0504000	GO:0016020
BdiBd21-3.3G0504000	GO:0008417
BdiBd21-3.3G0504000	GO:0006486
BdiBd21-3.3G0509500	GO:0055085
BdiBd21-3.3G0509500	GO:0016020
BdiBd21-3.3G0509500	GO:0006814
BdiBd21-3.3G0509500	GO:0005215
BdiBd21-3.3G0513500	GO:0051082
BdiBd21-3.3G0513500	GO:0006950
BdiBd21-3.3G0513500	GO:0006457
BdiBd21-3.3G0513500	GO:0005524
BdiBd21-3.3G0513900	GO:0016758
BdiBd21-3.3G0513900	GO:0008152
BdiBd21-3.3G0514000	GO:0008725
BdiBd21-3.3G0514000	GO:0006284
BdiBd21-3.3G0514900	GO:0016020
BdiBd21-3.3G0514900	GO:0006810
BdiBd21-3.3G0514900	GO:0005215
BdiBd21-3.3G0519700	GO:0008171
BdiBd21-3.3G0520000	GO:0008171
BdiBd21-3.3G0523200	GO:0030247
BdiBd21-3.3G0524900	GO:0055085
BdiBd21-3.3G0524900	GO:0016021
BdiBd21-3.3G0526400	GO:0008173
BdiBd21-3.3G0526400	GO:0006396
BdiBd21-3.3G0526400	GO:0003723
BdiBd21-3.3G0526500	GO:0046983
BdiBd21-3.3G0527200	GO:0005515
BdiBd21-3.3G0527200	GO:0055114
BdiBd21-3.3G0527200	GO:0046872
BdiBd21-3.3G0527200	GO:0016702
BdiBd21-3.3G0527400	GO:0005975
BdiBd21-3.3G0527400	GO:0004553
BdiBd21-3.3G0527500	GO:0005975
BdiBd21-3.3G0527500	GO:0004553
BdiBd21-3.3G0539800	GO:0016021
BdiBd21-3.3G0543900	GO:0006887
BdiBd21-3.3G0543900	GO:0000145
BdiBd21-3.3G0545200	GO:0030170
BdiBd21-3.3G0545200	GO:0008483
BdiBd21-3.3G0546000	GO:0046983
BdiBd21-3.3G0546000	GO:0003677
BdiBd21-3.3G0549000	GO:0005737
BdiBd21-3.3G0549000	GO:0005515
BdiBd21-3.3G0549000	GO:0005096
BdiBd21-3.3G0552900	GO:0006457
BdiBd21-3.3G0554900	GO:0043531
BdiBd21-3.3G0556700	GO:0005515
BdiBd21-3.3G0556700	GO:0051087
BdiBd21-3.3G0558300	GO:0055114
BdiBd21-3.3G0558300	GO:0020037
BdiBd21-3.3G0558300	GO:0016705
BdiBd21-3.3G0558300	GO:0005506
BdiBd21-3.3G0563100	GO:0016020
BdiBd21-3.3G0563100	GO:0009765
BdiBd21-3.3G0564000	GO:0003676
BdiBd21-3.3G0568100	GO:0006508
BdiBd21-3.3G0568100	GO:0004185
BdiBd21-3.3G0568600	GO:0055114
BdiBd21-3.3G0568600	GO:0046872
BdiBd21-3.3G0568600	GO:0006801
BdiBd21-3.3G0568600	GO:0071486
BdiBd21-3.3G0568600	GO:0034599
BdiBd21-3.3G0568600	GO:0009507
BdiBd21-3.3G0569400	GO:0052726
BdiBd21-3.3G0569400	GO:0052725
BdiBd21-3.3G0569400	GO:0047325
BdiBd21-3.3G0569400	GO:0032957
BdiBd21-3.3G0569400	GO:0005622
BdiBd21-3.3G0569400	GO:0005524
BdiBd21-3.3G0569400	GO:0000287
BdiBd21-3.3G0569800	GO:0008289
BdiBd21-3.3G0573600	GO:0006508
BdiBd21-3.3G0573600	GO:0004190
BdiBd21-3.3G0575900	GO:0005515
BdiBd21-3.3G0575900	GO:0016567
BdiBd21-3.3G0575900	GO:0004842
BdiBd21-3.3G0581000	GO:0006355
BdiBd21-3.3G0581000	GO:0003700
BdiBd21-3.3G0581000	GO:0007275
BdiBd21-3.3G0582400	GO:0005515
BdiBd21-3.3G0585000	GO:0046872
BdiBd21-3.3G0585000	GO:0030001
BdiBd21-3.3G0592800	GO:0019538
BdiBd21-3.3G0592800	GO:0016887
BdiBd21-3.3G0592800	GO:0005524
BdiBd21-3.3G0601200	GO:0030170
BdiBd21-3.3G0601200	GO:0019752
BdiBd21-3.3G0601200	GO:0016831
BdiBd21-3.3G0604000	GO:0016020
BdiBd21-3.3G0604000	GO:0015696
BdiBd21-3.3G0604000	GO:0008519
BdiBd21-3.3G0604000	GO:0072488
BdiBd21-3.3G0605900	GO:0005975
BdiBd21-3.3G0605900	GO:0004553
BdiBd21-3.3G0606000	GO:0005975
BdiBd21-3.3G0606000	GO:0004553
BdiBd21-3.3G0606700	GO:0055114
BdiBd21-3.3G0606700	GO:0020037
BdiBd21-3.3G0606700	GO:0006979
BdiBd21-3.3G0606700	GO:0004601
BdiBd21-3.3G0607900	GO:0016757
BdiBd21-3.3G0610700	GO:0008270
BdiBd21-3.3G0610700	GO:0005515
BdiBd21-3.3G0621500	GO:0030246
BdiBd21-3.3G0621500	GO:0016020
BdiBd21-3.3G0621500	GO:0008378
BdiBd21-3.3G0621500	GO:0006486
BdiBd21-3.3G0623700	GO:0016020
BdiBd21-3.3G0623700	GO:0006810
BdiBd21-3.3G0623700	GO:0005215
BdiBd21-3.3G0624500	GO:0030976
BdiBd21-3.3G0624500	GO:0003824
BdiBd21-3.3G0625900	GO:0046872
BdiBd21-3.3G0625900	GO:0030001
BdiBd21-3.3G0626000	GO:0046872
BdiBd21-3.3G0626000	GO:0030001
BdiBd21-3.3G0627100	GO:0005515
BdiBd21-3.3G0627200	GO:0008081
BdiBd21-3.3G0627200	GO:0006629
BdiBd21-3.3G0627200	GO:0008889
BdiBd21-3.3G0630700	GO:0016020
BdiBd21-3.3G0630700	GO:0006817
BdiBd21-3.3G0630700	GO:0005315
BdiBd21-3.3G0631800	GO:0016020
BdiBd21-3.3G0631800	GO:0006487
BdiBd21-3.3G0631800	GO:0003830
BdiBd21-3.3G0632500	GO:0005525
BdiBd21-3.3G0637800	GO:0055114
BdiBd21-3.3G0637800	GO:0046429
BdiBd21-3.3G0637800	GO:0016114
BdiBd21-3.3G0639500	GO:0008061
BdiBd21-3.3G0639500	GO:0016998
BdiBd21-3.3G0639500	GO:0006032
BdiBd21-3.3G0639500	GO:0004568
BdiBd21-3.3G0642700	GO:0008295
BdiBd21-3.3G0642700	GO:0006597
BdiBd21-3.3G0642700	GO:0004014
BdiBd21-3.3G0643200	GO:0016747
BdiBd21-3.3G0643300	GO:0051087
BdiBd21-3.3G0643300	GO:0042803
BdiBd21-3.3G0643300	GO:0006457
BdiBd21-3.3G0643300	GO:0000774
BdiBd21-3.3G0647400	GO:0005515
BdiBd21-3.3G0647400	GO:0006468
BdiBd21-3.3G0647400	GO:0005524
BdiBd21-3.3G0647400	GO:0004672
BdiBd21-3.3G0647700	GO:0005515
BdiBd21-3.3G0654800	GO:0016020
BdiBd21-3.3G0654800	GO:0006810
BdiBd21-3.3G0654800	GO:0005215
BdiBd21-3.3G0658000	GO:0005515
BdiBd21-3.3G0658000	GO:0006468
BdiBd21-3.3G0658000	GO:0005524
BdiBd21-3.3G0658000	GO:0004672
BdiBd21-3.3G0659700	GO:0030247
BdiBd21-3.3G0659700	GO:0006468
BdiBd21-3.3G0659700	GO:0004672
BdiBd21-3.3G0663800	GO:0008233
BdiBd21-3.3G0663800	GO:0006508
BdiBd21-3.3G0665100	GO:0055114
BdiBd21-3.3G0665100	GO:0016491
BdiBd21-3.3G0665100	GO:0008152
BdiBd21-3.3G0665600	GO:0043565
BdiBd21-3.3G0665600	GO:0006355
BdiBd21-3.3G0665600	GO:0003700
BdiBd21-3.3G0665600	GO:0003677
BdiBd21-3.3G0669400	GO:0006355
BdiBd21-3.3G0669400	GO:0003700
BdiBd21-3.3G0684400	GO:0055085
BdiBd21-3.3G0684400	GO:0016021
BdiBd21-3.3G0688400	GO:0008270
BdiBd21-3.3G0688400	GO:0005515
BdiBd21-3.3G0690400	GO:0016020
BdiBd21-3.3G0690400	GO:0006810
BdiBd21-3.3G0690400	GO:0005215
BdiBd21-3.3G0693500	GO:0008152
BdiBd21-3.3G0693500	GO:0003824
BdiBd21-3.3G0693700	GO:0005524
BdiBd21-3.3G0693900	GO:0016021
BdiBd21-3.3G0693900	GO:0015031
BdiBd21-3.3G0695300	GO:0055114
BdiBd21-3.3G0695300	GO:0009916
BdiBd21-3.3G0702100	GO:0006468
BdiBd21-3.3G0702100	GO:0004672
BdiBd21-3.3G0703600	GO:0006468
BdiBd21-3.3G0703600	GO:0004672
BdiBd21-3.3G0703600	GO:0030246
BdiBd21-3.3G0705800	GO:0055114
BdiBd21-3.3G0705800	GO:0016717
BdiBd21-3.3G0705800	GO:0006629
BdiBd21-3.3G0722200	GO:0051082
BdiBd21-3.3G0722200	GO:0031072
BdiBd21-3.3G0737600	GO:0005515
BdiBd21-3.3G0737600	GO:0000160
BdiBd21-3.3G0739700	GO:0008171
BdiBd21-3.3G0740800	GO:0006468
BdiBd21-3.3G0740800	GO:0005524
BdiBd21-3.3G0740800	GO:0004672
BdiBd21-3.3G0741000	GO:0016020
BdiBd21-3.3G0741000	GO:0006810
BdiBd21-3.3G0741000	GO:0005215
BdiBd21-3.3G0741500	GO:0006412
BdiBd21-3.3G0741500	GO:0005840
BdiBd21-3.3G0741500	GO:0005622
BdiBd21-3.3G0741500	GO:0003735
BdiBd21-3.3G0744700	GO:0008233
BdiBd21-3.3G0744700	GO:0006508
BdiBd21-3.3G0746500	GO:0005515
BdiBd21-3.3G0756200	GO:0006418
BdiBd21-3.3G0756200	GO:0000166
BdiBd21-3.3G0756200	GO:0005524
BdiBd21-3.3G0756200	GO:0004812
BdiBd21-3.3G0758800	GO:0016491
BdiBd21-3.3G0758800	GO:0008152
BdiBd21-3.3G0762700	GO:0055114
BdiBd21-3.3G0762700	GO:0016491
BdiBd21-3.3G0769600	GO:0006508
BdiBd21-3.3G0782500	GO:0055114
BdiBd21-3.3G0782500	GO:0016491
BdiBd21-3.3G0785200	GO:0031012
BdiBd21-3.3G0785200	GO:0008270
BdiBd21-3.3G0785200	GO:0006508
BdiBd21-3.3G0785200	GO:0004222
BdiBd21-3.3G0785500	GO:0005515
BdiBd21-3.3G0785500	GO:0055114
BdiBd21-3.3G0785500	GO:0046872
BdiBd21-3.3G0785500	GO:0016702
BdiBd21-3.3G0786700	GO:0016757
BdiBd21-3.3G0787400	GO:0005975
BdiBd21-3.3G0787400	GO:0004553
BdiBd21-3.3G0790600	GO:0006457
BdiBd21-3.3G0790600	GO:0005737
BdiBd21-3.3G0799900	GO:0055085
BdiBd21-3.3G0799900	GO:0016021
BdiBd21-3.3G0802200	GO:0050662
BdiBd21-3.3G0802200	GO:0003824
BdiBd21-3.4G0003700	GO:0005524
BdiBd21-3.4G0008600	GO:0016020
BdiBd21-3.4G0011900	GO:0055114
BdiBd21-3.4G0011900	GO:0016491
BdiBd21-3.4G0011900	GO:0006633
BdiBd21-3.4G0011900	GO:0005506
BdiBd21-3.4G0012300	GO:0016740
BdiBd21-3.4G0012300	GO:0009058
BdiBd21-3.4G0013400	GO:0008652
BdiBd21-3.4G0013400	GO:0008270
BdiBd21-3.4G0013400	GO:0003871
BdiBd21-3.4G0013400	GO:0009086
BdiBd21-3.4G0026500	GO:0006468
BdiBd21-3.4G0026500	GO:0005524
BdiBd21-3.4G0026500	GO:0004672
BdiBd21-3.4G0026600	GO:0006468
BdiBd21-3.4G0026600	GO:0005524
BdiBd21-3.4G0026600	GO:0004672
BdiBd21-3.4G0031600	GO:0007165
BdiBd21-3.4G0032000	GO:0006355
BdiBd21-3.4G0032000	GO:0005634
BdiBd21-3.4G0035900	GO:0030247
BdiBd21-3.4G0035900	GO:0006468
BdiBd21-3.4G0035900	GO:0005524
BdiBd21-3.4G0035900	GO:0004672
BdiBd21-3.4G0036900	GO:0005515
BdiBd21-3.4G0044700	GO:0006508
BdiBd21-3.4G0044700	GO:0004190
BdiBd21-3.4G0046700	GO:0003824
BdiBd21-3.4G0046700	GO:0006470
BdiBd21-3.4G0046700	GO:0004722
BdiBd21-3.4G0068000	GO:0009607
BdiBd21-3.4G0068000	GO:0006952
BdiBd21-3.4G0071700	GO:0006241
BdiBd21-3.4G0071700	GO:0006228
BdiBd21-3.4G0071700	GO:0006183
BdiBd21-3.4G0071700	GO:0006165
BdiBd21-3.4G0071700	GO:0004550
BdiBd21-3.4G0072400	GO:0006950
BdiBd21-3.4G0072400	GO:0005516
BdiBd21-3.4G0074000	GO:0050662
BdiBd21-3.4G0074000	GO:0003824
BdiBd21-3.4G0075400	GO:0006468
BdiBd21-3.4G0075400	GO:0005524
BdiBd21-3.4G0075400	GO:0004672
BdiBd21-3.4G0081500	GO:0005515
BdiBd21-3.4G0087400	GO:0055085
BdiBd21-3.4G0087400	GO:0022857
BdiBd21-3.4G0087400	GO:0016021
BdiBd21-3.4G0088700	GO:0008270
BdiBd21-3.4G0093400	GO:0006355
BdiBd21-3.4G0093400	GO:0005634
BdiBd21-3.4G0093400	GO:0003700
BdiBd21-3.4G0093400	GO:0046983
BdiBd21-3.4G0093400	GO:0003677
BdiBd21-3.4G0097100	GO:0008234
BdiBd21-3.4G0097100	GO:0006508
BdiBd21-3.4G0100500	GO:0016020
BdiBd21-3.4G0100500	GO:0009765
BdiBd21-3.4G0104200	GO:0055085
BdiBd21-3.4G0104200	GO:0016020
BdiBd21-3.4G0104200	GO:0015297
BdiBd21-3.4G0104200	GO:0015238
BdiBd21-3.4G0104200	GO:0006855
BdiBd21-3.4G0104600	GO:0019898
BdiBd21-3.4G0104600	GO:0015979
BdiBd21-3.4G0104600	GO:0009654
BdiBd21-3.4G0104600	GO:0009523
BdiBd21-3.4G0104600	GO:0005509
BdiBd21-3.4G0108200	GO:0043531
BdiBd21-3.4G0110800	GO:0050662
BdiBd21-3.4G0110800	GO:0003824
BdiBd21-3.4G0111600	GO:0016740
BdiBd21-3.4G0111900	GO:0016887
BdiBd21-3.4G0111900	GO:0005524
BdiBd21-3.4G0111900	GO:0016020
BdiBd21-3.4G0115600	GO:0006468
BdiBd21-3.4G0115600	GO:0004672
BdiBd21-3.4G0118700	GO:0055114
BdiBd21-3.4G0118700	GO:0016616
BdiBd21-3.4G0118700	GO:0006694
BdiBd21-3.4G0118700	GO:0003854
BdiBd21-3.4G0121800	GO:0004425
BdiBd21-3.4G0125500	GO:0005524
BdiBd21-3.4G0128000	GO:0005975
BdiBd21-3.4G0128000	GO:0004553
BdiBd21-3.4G0132300	GO:0005975
BdiBd21-3.4G0132300	GO:0004553
BdiBd21-3.4G0133000	GO:0006468
BdiBd21-3.4G0133000	GO:0005524
BdiBd21-3.4G0133000	GO:0004672
BdiBd21-3.4G0149800	GO:0006468
BdiBd21-3.4G0149800	GO:0005524
BdiBd21-3.4G0149800	GO:0004672
BdiBd21-3.4G0156700	GO:0055085
BdiBd21-3.4G0156700	GO:0016021
BdiBd21-3.4G0162100	GO:0006415
BdiBd21-3.4G0162100	GO:0003747
BdiBd21-3.4G0162100	GO:0016149
BdiBd21-3.4G0162100	GO:0005737
BdiBd21-3.4G0170000	GO:0006468
BdiBd21-3.4G0170000	GO:0005524
BdiBd21-3.4G0170000	GO:0004672
BdiBd21-3.4G0170000	GO:0005515
BdiBd21-3.4G0170400	GO:0005515
BdiBd21-3.4G0170500	GO:0006468
BdiBd21-3.4G0170500	GO:0005524
BdiBd21-3.4G0170500	GO:0004672
BdiBd21-3.4G0170900	GO:0055114
BdiBd21-3.4G0170900	GO:0016491
BdiBd21-3.4G0170900	GO:0005507
BdiBd21-3.4G0171000	GO:0055114
BdiBd21-3.4G0171000	GO:0016491
BdiBd21-3.4G0171000	GO:0005507
BdiBd21-3.4G0181500	GO:0006468
BdiBd21-3.4G0181500	GO:0005524
BdiBd21-3.4G0181500	GO:0004672
BdiBd21-3.4G0189100	GO:0006468
BdiBd21-3.4G0189100	GO:0005524
BdiBd21-3.4G0189100	GO:0004672
BdiBd21-3.4G0189100	GO:0005515
BdiBd21-3.4G0191300	GO:0005515
BdiBd21-3.4G0199600	GO:0006468
BdiBd21-3.4G0199600	GO:0005524
BdiBd21-3.4G0199600	GO:0004672
BdiBd21-3.4G0199700	GO:0030247
BdiBd21-3.4G0206100	GO:0008270
BdiBd21-3.4G0206100	GO:0005515
BdiBd21-3.4G0207200	GO:0016887
BdiBd21-3.4G0207200	GO:0005524
BdiBd21-3.4G0210800	GO:0008270
BdiBd21-3.4G0210800	GO:0005975
BdiBd21-3.4G0210800	GO:0004476
BdiBd21-3.4G0210800	GO:0009298
BdiBd21-3.4G0215900	GO:0043531
BdiBd21-3.4G0218700	GO:0050832
BdiBd21-3.4G0218700	GO:0042742
BdiBd21-3.4G0223200	GO:0008270
BdiBd21-3.4G0223200	GO:0005515
BdiBd21-3.4G0238700	GO:0055114
BdiBd21-3.4G0238700	GO:0020037
BdiBd21-3.4G0238700	GO:0016705
BdiBd21-3.4G0238700	GO:0005506
BdiBd21-3.4G0243400	GO:0016884
BdiBd21-3.4G0243400	GO:0016874
BdiBd21-3.4G0249200	GO:0016787
BdiBd21-3.4G0249800	GO:0016747
BdiBd21-3.4G0249800	GO:0008610
BdiBd21-3.4G0262000	GO:0005515
BdiBd21-3.4G0267700	GO:0043565
BdiBd21-3.4G0267700	GO:0006355
BdiBd21-3.4G0267700	GO:0003700
BdiBd21-3.4G0272200	GO:0016987
BdiBd21-3.4G0272200	GO:0006355
BdiBd21-3.4G0272200	GO:0006352
BdiBd21-3.4G0272200	GO:0003700
BdiBd21-3.4G0272200	GO:0003677
BdiBd21-3.4G0281400	GO:0006284
BdiBd21-3.4G0286300	GO:0016787
BdiBd21-3.4G0287600	GO:0005515
BdiBd21-3.4G0292800	GO:0016020
BdiBd21-3.4G0292800	GO:0009765
BdiBd21-3.4G0306000	GO:0006468
BdiBd21-3.4G0306000	GO:0005524
BdiBd21-3.4G0306000	GO:0004672
BdiBd21-3.4G0307800	GO:0006412
BdiBd21-3.4G0307800	GO:0005840
BdiBd21-3.4G0307800	GO:0003735
BdiBd21-3.4G0317500	GO:0080048
BdiBd21-3.4G0331000	GO:0006508
BdiBd21-3.4G0331000	GO:0004190
BdiBd21-3.4G0331100	GO:0005515
BdiBd21-3.4G0333500	GO:0055114
BdiBd21-3.4G0333500	GO:0016491
BdiBd21-3.4G0333500	GO:0006633
BdiBd21-3.4G0333500	GO:0005506
BdiBd21-3.4G0337300	GO:0006470
BdiBd21-3.4G0337300	GO:0004725
BdiBd21-3.4G0343200	GO:0006096
BdiBd21-3.4G0343200	GO:0004332
BdiBd21-3.4G0344700	GO:0055085
BdiBd21-3.4G0344700	GO:0016021
BdiBd21-3.4G0355400	GO:0055114
BdiBd21-3.4G0355400	GO:0051287
BdiBd21-3.4G0355400	GO:0016616
BdiBd21-3.4G0358900	GO:0006614
BdiBd21-3.4G0358900	GO:0005525
BdiBd21-3.4G0358900	GO:0048500
BdiBd21-3.4G0358900	GO:0008312
BdiBd21-3.4G0359200	GO:0006614
BdiBd21-3.4G0359200	GO:0005525
BdiBd21-3.4G0359200	GO:0048500
BdiBd21-3.4G0359200	GO:0008312
BdiBd21-3.4G0362200	GO:0007165
BdiBd21-3.4G0362400	GO:0005515
BdiBd21-3.4G0362400	GO:0009638
BdiBd21-3.4G0362400	GO:0004871
BdiBd21-3.4G0375100	GO:0006468
BdiBd21-3.4G0375100	GO:0005524
BdiBd21-3.4G0375100	GO:0004672
BdiBd21-3.4G0378100	GO:0003676
BdiBd21-3.4G0384100	GO:0016597
BdiBd21-3.4G0384100	GO:0008152
BdiBd21-3.4G0384100	GO:0055114
BdiBd21-3.4G0384100	GO:0050661
BdiBd21-3.4G0384100	GO:0016491
BdiBd21-3.4G0384100	GO:0006520
BdiBd21-3.4G0385500	GO:0016779
BdiBd21-3.4G0385500	GO:0009058
BdiBd21-3.4G0396500	GO:0043565
BdiBd21-3.4G0396500	GO:0006355
BdiBd21-3.4G0396500	GO:0003700
BdiBd21-3.4G0396700	GO:0006468
BdiBd21-3.4G0396700	GO:0005524
BdiBd21-3.4G0396700	GO:0004672
BdiBd21-3.4G0396700	GO:0030246
BdiBd21-3.4G0398300	GO:0016021
BdiBd21-3.4G0402600	GO:0009058
BdiBd21-3.4G0402600	GO:0008909
BdiBd21-3.4G0406400	GO:0055114
BdiBd21-3.4G0406400	GO:0016491
BdiBd21-3.4G0406400	GO:0005507
BdiBd21-3.4G0412300	GO:0006468
BdiBd21-3.4G0412300	GO:0005524
BdiBd21-3.4G0412300	GO:0004672
BdiBd21-3.4G0418600	GO:0055114
BdiBd21-3.4G0418600	GO:0016491
BdiBd21-3.4G0418600	GO:0008270
BdiBd21-3.4G0422400	GO:0005515
BdiBd21-3.4G0425900	GO:0055085
BdiBd21-3.4G0425900	GO:0016021
BdiBd21-3.4G0426700	GO:0043565
BdiBd21-3.4G0426700	GO:0006355
BdiBd21-3.4G0426700	GO:0003700
BdiBd21-3.4G0428300	GO:0005515
BdiBd21-3.4G0428300	GO:0060918
BdiBd21-3.4G0428300	GO:0048513
BdiBd21-3.4G0428300	GO:0004871
BdiBd21-3.4G0432100	GO:0055114
BdiBd21-3.4G0432100	GO:0016491
BdiBd21-3.4G0432100	GO:0006633
BdiBd21-3.4G0432100	GO:0005506
BdiBd21-3.4G0433300	GO:0016020
BdiBd21-3.4G0433300	GO:0004970
BdiBd21-3.4G0433400	GO:0016020
BdiBd21-3.4G0433400	GO:0004970
BdiBd21-3.4G0433600	GO:0016020
BdiBd21-3.4G0433600	GO:0004970
BdiBd21-3.4G0435900	GO:0006355
BdiBd21-3.4G0435900	GO:0003700
BdiBd21-3.4G0438800	GO:0006457
BdiBd21-3.4G0438800	GO:0005737
BdiBd21-3.4G0439300	GO:0016020
BdiBd21-3.4G0439300	GO:0009765
BdiBd21-3.4G0440900	GO:0055114
BdiBd21-3.4G0440900	GO:0020037
BdiBd21-3.4G0440900	GO:0016705
BdiBd21-3.4G0440900	GO:0005506
BdiBd21-3.4G0445100	GO:0071805
BdiBd21-3.4G0445100	GO:0016020
BdiBd21-3.4G0445100	GO:0015079
BdiBd21-3.4G0447100	GO:0016020
BdiBd21-3.4G0447100	GO:0008378
BdiBd21-3.4G0447100	GO:0006486
BdiBd21-3.4G0449500	GO:0043565
BdiBd21-3.4G0449500	GO:0006355
BdiBd21-3.4G0449500	GO:0005634
BdiBd21-3.4G0449500	GO:0003700
BdiBd21-3.4G0458800	GO:0030247
BdiBd21-3.4G0458800	GO:0006468
BdiBd21-3.4G0458800	GO:0004672
BdiBd21-3.4G0460100	GO:0051082
BdiBd21-3.4G0460100	GO:0006950
BdiBd21-3.4G0460100	GO:0006457
BdiBd21-3.4G0460100	GO:0005524
BdiBd21-3.4G0461700	GO:0006355
BdiBd21-3.4G0461700	GO:0003723
BdiBd21-3.4G0472300	GO:0050662
BdiBd21-3.4G0472300	GO:0003824
BdiBd21-3.4G0472400	GO:0050662
BdiBd21-3.4G0472400	GO:0003824
BdiBd21-3.4G0472500	GO:0055114
BdiBd21-3.4G0472500	GO:0016616
BdiBd21-3.4G0472500	GO:0006694
BdiBd21-3.4G0472500	GO:0003854
BdiBd21-3.4G0479200	GO:0055114
BdiBd21-3.4G0479200	GO:0016491
BdiBd21-3.4G0479200	GO:0008270
BdiBd21-3.4G0482600	GO:0005634
BdiBd21-3.4G0482600	GO:0003677
BdiBd21-3.4G0491300	GO:0019243
BdiBd21-3.4G0491300	GO:0004416
BdiBd21-3.4G0492300	GO:0043531
BdiBd21-3.4G0497300	GO:0051087
BdiBd21-3.4G0500600	GO:0008270
BdiBd21-3.4G0500600	GO:0005622
BdiBd21-3.4G0503300	GO:0006468
BdiBd21-3.4G0503300	GO:0004672
BdiBd21-3.4G0503700	GO:0016787
BdiBd21-3.4G0508600	GO:0030246
BdiBd21-3.4G0508600	GO:0005975
BdiBd21-3.4G0508600	GO:0004553
BdiBd21-3.4G0522900	GO:0055085
BdiBd21-3.4G0522900	GO:0016021
BdiBd21-3.4G0525200	GO:0055085
BdiBd21-3.4G0525200	GO:0022857
BdiBd21-3.4G0525200	GO:0016021
BdiBd21-3.4G0525300	GO:0006423
BdiBd21-3.4G0525300	GO:0005737
BdiBd21-3.4G0525300	GO:0005524
BdiBd21-3.4G0525300	GO:0004817
BdiBd21-3.4G0525300	GO:0000166
BdiBd21-3.4G0527500	GO:0055114
BdiBd21-3.4G0527500	GO:0016491
BdiBd21-3.4G0527500	GO:0010181
BdiBd21-3.4G0532700	GO:0016787
BdiBd21-3.4G0533900	GO:0004857
BdiBd21-3.4G0535700	GO:0055114
BdiBd21-3.4G0535700	GO:0016491
BdiBd21-3.4G0544700	GO:0008299
BdiBd21-3.4G0544700	GO:0016765
BdiBd21-3.4G0544700	GO:0015979
BdiBd21-3.4G0545000	GO:0051536
BdiBd21-3.4G0545000	GO:0003824
BdiBd21-3.4G0545100	GO:0055114
BdiBd21-3.4G0545100	GO:0020037
BdiBd21-3.4G0545100	GO:0016705
BdiBd21-3.4G0545100	GO:0005506
BdiBd21-3.4G0545500	GO:0050662
BdiBd21-3.4G0545500	GO:0003824
BdiBd21-3.4G0546700	GO:0055114
BdiBd21-3.4G0546700	GO:0016491
BdiBd21-3.4G0546700	GO:0005507
BdiBd21-3.4G0556000	GO:0055114
BdiBd21-3.4G0556000	GO:0016491
BdiBd21-3.4G0556000	GO:0008270
BdiBd21-3.4G0566600	GO:0043531
BdiBd21-3.4G0566800	GO:0080048
BdiBd21-3.4G0570000	GO:0006468
BdiBd21-3.4G0570000	GO:0004672
BdiBd21-3.4G0570000	GO:0005515
BdiBd21-3.4G0576600	GO:0005515
BdiBd21-3.4G0577300	GO:0008152
BdiBd21-3.4G0577300	GO:0003824
BdiBd21-3.4G0585800	GO:0006355
BdiBd21-3.4G0585800	GO:0003677
BdiBd21-3.4G0586100	GO:0004523
BdiBd21-3.4G0586100	GO:0003723
BdiBd21-3.4G0591900	GO:0006468
BdiBd21-3.4G0591900	GO:0004672
BdiBd21-3.4G0591900	GO:0005524
BdiBd21-3.4G0592100	GO:0008270
BdiBd21-3.4G0592100	GO:0005515
BdiBd21-3.4G0601500	GO:0055114
BdiBd21-3.4G0601500	GO:0016491
BdiBd21-3.4G0604200	GO:0034457
BdiBd21-3.4G0604200	GO:0006364
BdiBd21-3.4G0604200	GO:0005732
BdiBd21-3.4G0604200	GO:0005634
BdiBd21-3.4G0604300	GO:0003824
BdiBd21-3.4G0605100	GO:0055085
BdiBd21-3.4G0605100	GO:0022857
BdiBd21-3.4G0605100	GO:0016021
BdiBd21-3.4G0609200	GO:0055085
BdiBd21-3.4G0609200	GO:0016020
BdiBd21-3.4G0609200	GO:0015297
BdiBd21-3.4G0609200	GO:0015238
BdiBd21-3.4G0609200	GO:0006855
BdiBd21-3.4G0610500	GO:0006355
BdiBd21-3.4G0610500	GO:0003677
BdiBd21-3.4G0615100	GO:0043565
BdiBd21-3.4G0615100	GO:0006355
BdiBd21-3.4G0615100	GO:0003700
BdiBd21-3.4G0615600	GO:0016872
BdiBd21-3.4G0618300	GO:0043531
BdiBd21-3.4G0623400	GO:0005509
BdiBd21-3.4G0624500	GO:0055114
BdiBd21-3.4G0624500	GO:0016717
BdiBd21-3.4G0624500	GO:0006629
BdiBd21-3.4G0626000	GO:0005515
BdiBd21-3.4G0626000	GO:0035556
BdiBd21-3.4G0626000	GO:0007165
BdiBd21-3.4G0626000	GO:0006629
BdiBd21-3.4G0626000	GO:0004435
BdiBd21-3.5G0007500	GO:0016884
BdiBd21-3.5G0007700	GO:0016884
BdiBd21-3.5G0008800	GO:0055114
BdiBd21-3.5G0008800	GO:0020037
BdiBd21-3.5G0008800	GO:0016705
BdiBd21-3.5G0008800	GO:0005506
BdiBd21-3.5G0014700	GO:0016747
BdiBd21-3.5G0017100	GO:0008289
BdiBd21-3.5G0020300	GO:0016020
BdiBd21-3.5G0020300	GO:0006810
BdiBd21-3.5G0020300	GO:0005215
BdiBd21-3.5G0021200	GO:0016829
BdiBd21-3.5G0021200	GO:0010333
BdiBd21-3.5G0021200	GO:0008152
BdiBd21-3.5G0021200	GO:0000287
BdiBd21-3.5G0022500	GO:0046983
BdiBd21-3.5G0023700	GO:0004781
BdiBd21-3.5G0025300	GO:0016788
BdiBd21-3.5G0031700	GO:0008168
BdiBd21-3.5G0031700	GO:0008152
BdiBd21-3.5G0031700	GO:0055114
BdiBd21-3.5G0031700	GO:0016491
BdiBd21-3.5G0036600	GO:0016887
BdiBd21-3.5G0036600	GO:0005524
BdiBd21-3.5G0036800	GO:0005524
BdiBd21-3.5G0040700	GO:0043531
BdiBd21-3.5G0040900	GO:0048544
BdiBd21-3.5G0040900	GO:0006468
BdiBd21-3.5G0040900	GO:0005524
BdiBd21-3.5G0040900	GO:0004672
BdiBd21-3.5G0041200	GO:0043531
BdiBd21-3.5G0041300	GO:0043531
BdiBd21-3.5G0045000	GO:0016758
BdiBd21-3.5G0045000	GO:0008152
BdiBd21-3.5G0045900	GO:0016758
BdiBd21-3.5G0045900	GO:0008152
BdiBd21-3.5G0046000	GO:0016758
BdiBd21-3.5G0046000	GO:0008152
BdiBd21-3.5G0047100	GO:0055085
BdiBd21-3.5G0047100	GO:0042626
BdiBd21-3.5G0047100	GO:0016021
BdiBd21-3.5G0047100	GO:0006810
BdiBd21-3.5G0047100	GO:0005524
BdiBd21-3.5G0047100	GO:0016887
BdiBd21-3.5G0058600	GO:0055114
BdiBd21-3.5G0058600	GO:0016491
BdiBd21-3.5G0058600	GO:0008270
BdiBd21-3.5G0063200	GO:0008152
BdiBd21-3.5G0063200	GO:0003824
BdiBd21-3.5G0066700	GO:0046983
BdiBd21-3.5G0069700	GO:0004425
BdiBd21-3.5G0074200	GO:0016758
BdiBd21-3.5G0074200	GO:0008152
BdiBd21-3.5G0074300	GO:0006457
BdiBd21-3.5G0085100	GO:0055114
BdiBd21-3.5G0085100	GO:0046422
BdiBd21-3.5G0085100	GO:0009507
BdiBd21-3.5G0094200	GO:0046872
BdiBd21-3.5G0094200	GO:0030001
BdiBd21-3.5G0096100	GO:0016787
BdiBd21-3.5G0103600	GO:0050662
BdiBd21-3.5G0103600	GO:0003824
BdiBd21-3.5G0108500	GO:0009094
BdiBd21-3.5G0108500	GO:0004664
BdiBd21-3.5G0118000	GO:0055114
BdiBd21-3.5G0118000	GO:0051920
BdiBd21-3.5G0118000	GO:0016491
BdiBd21-3.5G0133600	GO:0042274
BdiBd21-3.5G0141800	GO:0055114
BdiBd21-3.5G0141800	GO:0016491
BdiBd21-3.5G0143500	GO:0055114
BdiBd21-3.5G0143500	GO:0016491
BdiBd21-3.5G0143500	GO:0010181
BdiBd21-3.5G0150900	GO:0055085
BdiBd21-3.5G0150900	GO:0016021
BdiBd21-3.5G0151100	GO:0055085
BdiBd21-3.5G0151100	GO:0016021
BdiBd21-3.5G0152700	GO:0016020
BdiBd21-3.5G0152700	GO:0009765
BdiBd21-3.5G0155400	GO:0055114
BdiBd21-3.5G0155400	GO:0016620
BdiBd21-3.5G0159100	GO:0016787
BdiBd21-3.5G0159100	GO:0006541
BdiBd21-3.5G0161300	GO:0008080
BdiBd21-3.5G0174300	GO:0055114
BdiBd21-3.5G0174300	GO:0008113
BdiBd21-3.5G0174300	GO:0030091
BdiBd21-3.5G0174300	GO:0016671
BdiBd21-3.5G0174300	GO:0006979
BdiBd21-3.5G0182700	GO:0008270
BdiBd21-3.5G0182700	GO:0005622
BdiBd21-3.5G0184600	GO:0008061
BdiBd21-3.5G0184600	GO:0016998
BdiBd21-3.5G0184600	GO:0006032
BdiBd21-3.5G0184600	GO:0004568
BdiBd21-3.5G0187900	GO:0008295
BdiBd21-3.5G0187900	GO:0006597
BdiBd21-3.5G0187900	GO:0004014
BdiBd21-3.5G0191900	GO:0009116
BdiBd21-3.5G0197000	GO:0005515
BdiBd21-3.5G0197000	GO:0006629
BdiBd21-3.5G0201100	GO:0005524
BdiBd21-3.5G0201100	GO:0005515
BdiBd21-3.5G0204300	GO:0030170
BdiBd21-3.5G0204300	GO:0009058
BdiBd21-3.5G0214200	GO:0055085
BdiBd21-3.5G0214200	GO:0022857
BdiBd21-3.5G0214200	GO:0016021
BdiBd21-3.5G0220400	GO:0016559
BdiBd21-3.5G0220400	GO:0005779
BdiBd21-3.5G0222200	GO:0005525
BdiBd21-3.5G0224800	GO:0043565
BdiBd21-3.5G0224800	GO:0006355
BdiBd21-3.5G0224800	GO:0003700
BdiBd21-3.5G0224800	GO:0003677
BdiBd21-3.5G0226700	GO:0055114
BdiBd21-3.5G0226700	GO:0050660
BdiBd21-3.5G0226700	GO:0016491
BdiBd21-3.5G0227000	GO:0055114
BdiBd21-3.5G0227000	GO:0016491
BdiBd21-3.5G0227000	GO:0006520
BdiBd21-3.5G0227500	GO:0005515
BdiBd21-3.5G0235100	GO:0005622
BdiBd21-3.5G0235100	GO:0003779
BdiBd21-3.5G0235100	GO:0030042
BdiBd21-3.5G0235100	GO:0015629
BdiBd21-3.5G0235900	GO:0016758
BdiBd21-3.5G0235900	GO:0008152
BdiBd21-3.5G0241600	GO:0006468
BdiBd21-3.5G0241600	GO:0004672
BdiBd21-3.5G0245800	GO:0016021
BdiBd21-3.5G0245800	GO:0004252
BdiBd21-3.5G0245800	GO:0006508
BdiBd21-3.5G0249900	GO:0030170
BdiBd21-3.5G0249900	GO:0009058
BdiBd21-3.5G0250200	GO:0055114
BdiBd21-3.5G0250200	GO:0016491
BdiBd21-3.5G0250200	GO:0006633
BdiBd21-3.5G0250200	GO:0005506
BdiBd21-3.5G0251400	GO:0008270
BdiBd21-3.5G0251400	GO:0005515
BdiBd21-3.5G0251500	GO:0055114
BdiBd21-3.5G0251500	GO:0016491
BdiBd21-3.5G0251600	GO:0055114
BdiBd21-3.5G0251600	GO:0016491
BdiBd21-3.5G0258900	GO:0016887
BdiBd21-3.5G0258900	GO:0005524
BdiBd21-3.5G0258900	GO:0055085
BdiBd21-3.5G0258900	GO:0042626
BdiBd21-3.5G0258900	GO:0016021
BdiBd21-3.5G0258900	GO:0006810
BdiBd21-3.5G0265300	GO:0055085
BdiBd21-3.5G0265300	GO:0016021
BdiBd21-3.5G0266800	GO:0016020
BdiBd21-3.5G0266800	GO:0006810
BdiBd21-3.5G0266800	GO:0005215
BdiBd21-3.5G0270200	GO:0055114
BdiBd21-3.5G0270200	GO:0009916
BdiBd21-3.5G0271200	GO:0055114
BdiBd21-3.5G0271200	GO:0020037
BdiBd21-3.5G0271200	GO:0006979
BdiBd21-3.5G0271200	GO:0004601
BdiBd21-3.5G0272100	GO:0007010
BdiBd21-3.5G0272100	GO:0003779
BdiBd21-3.5G0278600	GO:0055114
BdiBd21-3.5G0278600	GO:0006779
BdiBd21-3.5G0278600	GO:0004109
BdiBd21-3.5G0279800	GO:0016829
BdiBd21-3.5G0279800	GO:0010333
BdiBd21-3.5G0279800	GO:0008152
BdiBd21-3.5G0279800	GO:0000287
BdiBd21-3.5G0283700	GO:0070569
BdiBd21-3.5G0283700	GO:0008152
BdiBd21-3.5G0286600	GO:0006468
BdiBd21-3.5G0286600	GO:0005524
BdiBd21-3.5G0286600	GO:0004672
BdiBd21-3.5G0299000	GO:0050662
BdiBd21-3.5G0299000	GO:0003824
BdiBd21-3.5G0301800	GO:0048544
BdiBd21-3.5G0301800	GO:0006468
BdiBd21-3.5G0301800	GO:0004672
BdiBd21-3.5G0305200	GO:0048544
BdiBd21-3.5G0305200	GO:0006468
BdiBd21-3.5G0305200	GO:0004672
BdiBd21-3.5G0306200	GO:0008408
BdiBd21-3.5G0306200	GO:0006139
BdiBd21-3.5G0306200	GO:0003676
BdiBd21-3.5G0306200	GO:0006260
BdiBd21-3.5G0306200	GO:0003887
BdiBd21-3.5G0306200	GO:0003677
BdiBd21-3.5G0309800	GO:0005515
BdiBd21-3.5G0309800	GO:0008017
BdiBd21-3.5G0310700	GO:0016884
BdiBd21-3.5G0318300	GO:0016597
BdiBd21-3.5G0318300	GO:0008152
BdiBd21-3.5G0318300	GO:0055114
BdiBd21-3.5G0318300	GO:0051287
BdiBd21-3.5G0318300	GO:0016616
BdiBd21-3.5G0318500	GO:0016787
BdiBd21-3.5G0321100	GO:0006468
BdiBd21-3.5G0321100	GO:0004672
BdiBd21-3.5G0323400	GO:0006629
BdiBd21-3.5G0323500	GO:0008299
BdiBd21-3.5G0327200	GO:0035299
BdiBd21-3.5G0327200	GO:0005524
BdiBd21-3.5G0342900	GO:0045454
BdiBd21-3.5G0342900	GO:0015035
BdiBd21-3.5G0342900	GO:0006662
BdiBd21-3.5G0344600	GO:0016491
BdiBd21-3.5G0344600	GO:0008152
BdiBd21-3.5G0348600	GO:0009298
BdiBd21-3.5G0348600	GO:0005737
BdiBd21-3.5G0348600	GO:0004615
BdiBd21-3.5G0350100	GO:0005634
BdiBd21-3.5G0351300	GO:0055114
BdiBd21-3.5G0351300	GO:0016491
BdiBd21-3.5G0351300	GO:0016209
BdiBd21-3.5G0351300	GO:0006979
BdiBd21-3.5G0351300	GO:0004602
BdiBd21-3.5G0356800	GO:0055114
BdiBd21-3.5G0356800	GO:0020037
BdiBd21-3.5G0356800	GO:0006979
BdiBd21-3.5G0356800	GO:0004601
BdiBd21-3.5G0361100	GO:0006412
BdiBd21-3.5G0361100	GO:0005840
BdiBd21-3.5G0361100	GO:0005622
BdiBd21-3.5G0361100	GO:0003735
